p_np,smiles,mol_id,mol_cluster
1,[Cl].CC(C)NCC(O)COc1cccc2ccccc12,Propanolol,594
1,C(=O)(OC(C)(C)C)CCCc1ccc(cc1)N(CCCl)CCCl,Terbutylchlorambucil,531
1,c12c3c(N4CCN(C)CC4)c(F)cc1c(c(C(O)=O)cn2C(C)CO3)=O,40730,138
1,Cc1onc(c2ccccc2Cl)c1C(=O)N[C@H]3[C@H]4SC(C)(C)[C@@H](N4C3=O)C(O)=O,cloxacillin,234
1,CCN1CCN(C(=O)N[C@@H](C(=O)N[C@H]2[C@H]3SCC(=C(N3C2=O)C(O)=O)CSc4nnnn4C)c5ccc(O)cc5)C(=O)C1=O,cefoperazone,234
1,COc1ccc(cc1)[C@@H]2Sc3ccccc3N(CCN(C)C)C(=O)[C@@H]2OC(C)=O,diltiazem,454
1,CC1=CN([C@H]2C[C@H](F)[C@@H](CO)O2)C(=O)NC1=O,alovudine,107
1,CCC(=O)C(CC(C)N(C)C)(c1ccccc1)c2ccccc2,methadone,544
1,CCN1N=NN(CCN2CCC(CC2)(COC)N(C(=O)CC)c3ccccc3)C1=O,alfentanil,444
1,CN(C)C(=O)C(CCN1CCC(O)(CC1)c1ccc(Cl)cc1)(c1ccccc1)c1ccccc1,BRL53080,459
1,CN1C2CCC1CC(C2)OC(=O)[C@H](CO)c3ccccc3,hyoscyamine,430
1,CC(C)(C)NCC(O)COc1cccc2C[C@@H](O)[C@@H](O)Cc12,nadolol,398
1,CCC(=O)N(c1ccccc1)C2(CCN(CCc3sccc3)CC2)COC,sufentanil,444
1,CN1CCN(CC1)C2=C3C=CC=CC3=Nc4ccc(Cl)cc4N2,clozapine,441
1,FC(F)(F)c1c(Cl)nc(N2CCNCC2)cc1,Org12692,221
1,O.CCN1CCN(C(=O)N[C@@H](C(=O)N[C@H]2[C@H]3SC(C)(C)[C@@H](N3C2=O)C(O)=O)c4ccccc4)C(=O)C1=O,piperacillin,234
1,C[C@H]1COc2c(N3CCN(C)CC3)c(F)cc4C(=O)C(=CN1c24)C(O)=O,Levofloxacin,138
1,CCC(=O)N(C1CCN(CC1)CCc2ccccc2)c3ccccc3,fentanyl,444
1,CCOC(=O)c1cncn1C(C)c2ccccc2,etomidate,524
1,CN1CCN(CCCN2c3ccccc3Sc4ccc(Cl)cc24)CC1,prochlorperazine,471
1,CCC(=O)O[C@@](Cc1ccccc1)([C@H](C)CN(C)C)c2ccccc2,dextropropoxyphene,544
1,ClC1=CC=C(C2=C1)SC3=C(N2CCCNC)C=CC=C3,Nor-1-chlorpromazine,471
1,Cn1nnnc1SCC2=C(N3[C@H](SC2)[C@H](NC(=O)[C@H](O)c4ccccc4)C3=O)C(O)=O,cefamandole,234
1,COc1ccc2nccc([C@H](O)[C@H]3C[C@@H]4CCN3C[C@@H]4C=C)c2c1,Quinidine,41
1,ClC1=CC=C(SC(C=CC=C2)=C2N3CCCN)C3=C1,Nor-2-chlorpromazine,471
1,[Na+].CO\N=C(C(=O)N[C@@H]1[C@@H]2SCC(=C(N2C1=O)C([O-])=O)COC(C)=O)\c3csc(N)n3,cefotaxime,234
1,Clc1cc2c(Oc3ccccc3C3CN(CC32)C)cc1,Org5222,458
1,CO/N=C(C(=O)N[C@H]1[C@H]2SCC(=C(N2C1=O)C(O)=O)COC(N)=O)/c3occc3,cefuroxime,234
1,OC12c3c(Oc4c(C)cccc4C2CN(CC1)C)cccc3,Org4428,177
1,Clc1cc2c(Oc3ccccc3C3CNCC32)cc1,Org30526,458
1,CN(CCC=C1c2ccccc2CCc2ccccc12)C,36,471
1,CO/N=C(C(=O)N[C@H]1[C@H]2SCC(=C(N2C1=O)C(O)=O)CSC3=NC(=O)C(=O)NN3C)/c4csc(N)n4,ceftriaxone,234
1,OC12c3c(Oc4c(C)cccc4C2CNCC1)cccc3,Org32104,177
1,Cc1ncsc1CCCl,clomethiazole,10
1,CO[C@]1(NC(=O)Cc2sccc2)[C@H]3SCC(=C(N3C1=O)C(O)=O)COC(N)=O,cefoxitin,234
1,NC(CC=C)c1ccccc1c2noc3c2cccc3,Org34167,173
0,O=C1N=CN=C2NNC=C12,allopurinol,856
0,CN1C(=O)N(C)c2nc[nH]c2C1=O.CN3C(=O)N(C)c4nc[nH]c4C3=O.NCCN,aminophylline,533
0,O.O.O.CC1(C)S[C@@H]2[C@H](NC(=O)[C@H](N)c3ccc(O)cc3)C(=O)N2[C@H]1C(O)=O,amoxicillin,234
0,CC1(C)S[C@@H]2[C@H](NC(=O)[C@H](N)c3ccccc3)C(=O)N2[C@H]1C(O)=O,ampicillin,234
1,OC(=O)CCC(O)=O.FC(F)(F)c1ccc2Sc3ccccc3N(CCCN4CCN(CCC5OCCCO5)CC4)c2c1,oxaflumazine,471
1,OC1N=C(c2ccccc2)c3cc(Cl)ccc3NC1=O,oxazepam,434
1,NC1=NC(=O)C(O1)c2ccccc2,pemoline,160
1,CCc1cc(ccn1)C(N)=S,Ethionamide,801
0,COc1cc(cc(OC)c1O)[C@H]2[C@@H]3C(COC3=O)[C@H](O[C@@H]4O[C@@H]5CO[C@@H](C)O[C@H]5[C@H](O)[C@H]4O)c6cc7OCOc7cc26,Etoposide,15
1,[Na+].[Na+].[Na+].[O-]C(=O)[P]([O-])([O-])=O,Foscarnetsodium,860
0,[Na+].CCOc1ccc2ccccc2c1C(=O)N[C@H]3[C@H]4SC(C)(C)[C@@H](N4C3=O)C([O-])=O,Nafcillin,234
0,CCN1C=C(C(O)=O)C(=O)c2ccc(C)nc12,Nalidixicacid,138
0,CN1C2CCC1CC(C2)OC(=O)C(CO)c3ccccc3,atropine,430
0,CC1(C)S[C@@H]2[C@H](NC(=O)C(C(O)=O)c3ccccc3)C(=O)N2[C@H]1C(O)=O,carbenicillin,234
0,C[C@@](Cc1ccc(O)c(O)c1)(NN)C(O)=O,carbidopa,529
0,CC(C)(C)NCC(O)COc1cccc2NC(=O)CCc12,carteolol,398
0,[Na+].Cc1sc(SCC2=C(N3[C@H](SC2)[C@H](NC(=O)Cn4cnnn4)C3=O)C([O-])=O)nn1,Cefazolin,234
0,CC(=O)OCC1=C(N2[C@H](SC1)[C@H](NC(=O)CSc3ccncc3)C2=O)C(O)=O,cephapirin,234
0,OC(=O)CCCc1ccc(cc1)N(CCCl)CCCl,chlorambucil,531
1,CCCN1C[C@H](CSC)C[C@H]2[C@H]1Cc3c[nH]c4cccc2c34,pergolide,148
1,CN1CCN(CC1)C2=Nc3ccccc3Cc4ccccc24,perlapine,471
1,OCCN1CCN(CCCN2c3ccccc3Sc4ccc(Cl)cc24)CC1,perphenazine-HCl,471
0,COc1ccc2nc([nH]c2c1)[S](=O)Cc3ncc(C)c(OC)c3C,Omeprazole,824
0,Cc1onc(c2ccccc2)c1C(=O)N[C@H]3[C@H]4SC(C)(C)[C@@H](N4C3=O)C(O)=O,Oxacillin,234
0,CC1(C)S[C@@H]2[C@H](NC(=O)COc3ccccc3)C(=O)N2[C@H]1C([O-])=O,Phenoxymethylpenicillin,234
0,CCCNC(=O)N[S](=O)(=O)c1ccc(Cl)cc1,chlorpropamide,509
0,N[S](=O)(=O)c1cc(ccc1Cl)C2(O)NC(=O)c3ccccc23,chlorthalidone,778
0,Clc1ccccc1C(n2ccnc2)(c3ccccc3)c4ccccc4,clotrimazole,799
1,OCC[C@@H]1CCN(CC\C=C2/c3ccc(F)cc3Sc4ccc(cc24)C(F)(F)F)CC1,piflutixol,471
1,OCCN1CCN(CC\C=C/2c3ccccc3COc4ccc(Cl)cc24)CC1,pinoxepin,471
1,Clc1ccc2N(CC3CC3)C(=O)CN=C(c4ccccc4)c2c1,prazepam,434
1,OC(CCN1CCCC1)(C2CCCCC2)c3ccccc3,procyclidine,562
1,CN(C)CCCN1c2ccccc2Sc3ccccc13,promazine,471
1,CC(C)NCC(O)COc1cccc2[nH]ccc12,Pindolol,594
1,O=C1CN(CC2N1CCc3ccccc23)C(=O)C4CCCCC4,Praziquantel,328
1,COc1cc(Cc2cnc(N)nc2N)cc(OC)c1OC,Trimethoprim,353
0,COc1cc(NCc2ccc3nc(N)nc(N)c3c2C)cc(OC)c1OC,Trimetrexate,352
0,NC(CO)(CO)CO,Trometamol,844
0,O=C1Oc2ccccc2C=C1,coumarin,127
0,OC1=C(CC2=C(O)Oc3ccccc3C2=O)C(=O)c4ccccc4O1,dicumarol,290
0,CC\C(c1ccc(O)cc1)=C(\CC)c2ccc(O)cc2,Diethylstilbestrol,378
0,C[C@H]1O[C@H](C[C@H](O)[C@@H]1O)O[C@H]2[C@@H](O)C[C@@H](O[C@@H]2C)O[C@H]3[C@@H](O)C[C@@H](O[C@@H]3C)O[C@H]4CC[C@@]5(C)[C@H](CC[C@@H]6[C@@H]5CC[C@]7(C)[C@@H](CC[C@]67O)C8=CC(=O)OC8)C4,Digitoxin,64
0,C[C@H]1O[C@H](C[C@H](O)[C@@H]1O)O[C@H]2[C@@H](O)C[C@@H](O[C@@H]2C)O[C@H]3[C@@H](O)C[C@@H](O[C@@H]3C)O[C@H]4CC[C@@]5(C)[C@H](CC[C@@H]6[C@@H]5C[C@@H](O)[C@]7(C)[C@H](CC[C@]67O)C8=CC(=O)OC8)C4,Digoxin,64
1,CC(CN1c2ccccc2Sc3ccccc13)N(C)C,promethazine-HCl,471
1,CCC(=O)c1ccc2Sc3ccccc3N(CC(C)N(C)C)c2c1,propiomazine,471
1,Fc1ccccc1C2=NCC(=S)N(CC(F)(F)F)c3ccc(Cl)cc23,quazepam,434
1,CO[C@H]1[C@@H](C[C@@H]2CN3CCc4c([nH]c5cc(OC)ccc45)[C@H]3C[C@@H]2[C@@H]1C(=O)OC)OC(=O)\C=C\c6cc(OC)c(OC)c(OC)c6,rescinnamine,154
1,CO[C@H]1[C@@H](C[C@@H]2CN3CCc4c([nH]c5cc(OC)ccc45)[C@H]3C[C@@H]2[C@@H]1C(=O)OC)OC(=O)c6cc(OC)c(OC)c(OC)c6,reserpine,154
1,[H+].[Cl-].Clc1ccc2Sc3ccccc3N(CCCN4CCC5(CC4)NC(=O)CS5)c2c1,spiclomazine,471
0,OC1=C(C2CCC(CC2)c3ccc(Cl)cc3)C(=O)C(=O)c4ccccc14,Atovaquone,795
0,[Cl-].CC(C[N+](C)(C)C)OC(N)=O,Bethanechol,246
0,[Cl].CCCCOc1ccc(cc1)C(=O)CCN2CCCCC2,Dyclonine,493
0,CC(C)[C@H](NC(=O)[C@H](Cc1ccccc1)NC(=O)CNC(=O)[C@@H](C)NC(=O)[C@@H](N)Cc2ccc(O)cc2)C(N)=O,enkephalin,207
1,CN1C(=O)C(O)N=C(c2ccccc2)c3cc(Cl)ccc13,temazepam,434
1,COc1cc2CCN3CC(CC(C)C)C(=O)CC3c2cc1OC,tetrabenzine,257
1,CCCCCc1cc(O)c2[C@@H]3C=C(C)CC[C@H]3C(C)(C)Oc2c1,thc,23
1,CCSc1ccc2Sc3ccccc3N(CCCN4CCN(C)CC4)c2c1,thiethylperazine,471
1,CSc1ccc2Sc3ccccc3N(CCC4CCCCN4C)c2c1,thioridazine,471
1,CN1CCN(CC/C=C/2c3ccccc3Sc4ccc(cc24)[S](=O)(=O)N(C)C)CC1,thiothixene,471
1,C[S](=O)(=O)OCCCCO[S](C)(=O)=O,Busulfan,852
0,CC1=C(N2[C@H](SC1)[C@H](NC(=O)[C@H](N)C3=CCC=CC3)C2=O)C(O)=O,Cefradine,234
1,CCN(CC)CCCC(C)Nc1ccnc2cc(Cl)ccc12,Chloroquine,752
0,[Br-].C[N+]12CCC(CC1)C(C2)OC(=O)C(O)(c3ccccc3)c4ccccc4,Clidiniumbromide,400
0,OC[C@H]1O[C@H](C[C@@H]1O)N2C=C(F)C(=O)NC2=O,floxuridine,107
0,Cc1onc(c1C(=O)N[C@H]2[C@H]3SC(C)(C)[C@@H](N3C2=O)C(O)=O)c4c(F)cccc4Cl,Flucloxacillin,234
0,[Br-].C[N+]1(C)CCC(C1)OC(=O)C(O)(C2CCCC2)c3ccccc3,glycopyrrolate,400
1,CN(C)CCCN1c2ccccc2Sc3ccc(cc13)C(F)(F)F,triflupromazine,471
1,CN1CCN(CCCN2c3ccccc3Sc4ccc(cc24)C(F)(F)F)CC1,trifluroperazine,471
1,OC(CCN1CCCCC1)(C2CCCCC2)c3ccccc3,trihexyphenidyl,562
1,COc1cc(cc(OC)c1OC)C(=O)N2CCOCC2,trimetozine,513
1,CC(CN(C)C)CN1c2ccccc2CCc3ccccc13,trimipramine,471
1,CCCCNC(=O)OCC(C)(CCC)COC(N)=O,tybamate,572
1,CCCC(CCC)C(O)=O,valproicacid,365
0,OC(COc1ccc2OC(=CC(=O)c2c1)C(O)=O)COc3cccc4OC(=CC(=O)c34)C(O)=O,Cromoglicicacid,291
1,NC1CONC1=O,Cycloserine,861
0,[Br-].CC(C)[N+]1(C)C2CCC1CC(C2)OC(=O)C(CO)c3ccccc3,Ipratropiumbromide,430
0,CN1C2CCC1CC(C2)OC(=O)C(O)c3ccccc3,homatropine,430
0,NNc1nncc2ccccc12,hydralazine,821
0,CC(C)Cc1ccc(cc1)C(C)C(O)=O,ibuprofen,608
1,Cc1nnc2CN=C(c3ccccc3)c4cc(Cl)ccc4n12,Alprazolam,434
1,ClCCNC(=O)N(CCCl)N=O,BCNU,66
0,CCC(C)N1N=CN(C1=O)c2ccc(cc2)N3CCN(CC3)c4ccc(OC[C@H]5CO[C@@](Cn6cncn6)(O5)c7ccc(Cl)cc7Cl)cc4,Itraconazole,92
0,CC(=O)N1CCN(CC1)c2ccc(OC[C@H]3CO[C@@](Cn4ccnc4)(O3)c5ccc(Cl)cc5Cl)cc2,Ketoconazole,92
0,CC(CCc1ccccc1)NCC(O)c2ccc(O)c(c2)C(N)=O,labetalol,541
0,N[C@@H](Cc1ccc(O)c(O)c1)C(O)=O,levodopa,530
0,Cc1ccc(Cl)c(Nc2ccccc2C(O)=O)c1Cl,Meclofenamate,373
0,Cc1cccc(Nc2ccccc2C(O)=O)c1C,Mefenamic_acid,373
0,OC[C@@H]1CC[C@@H](O1)n2cnc3C(=O)N=CNc23,Didanosine,112
1,COCCc1ccc(OCC(O)CNC(C)C)cc1,Metoprolol,595
0,COc1ccc2nccc([C@@H](O)[C@@H]3C[C@H]4CCN3C[C@@H]4C=C)c2c1,Quinine,41
0,NC(Cc1ccc(cc1)N(CCCl)CCCl)C(O)=O,melphalan,531
0,[Br-].C[N+]1(C)CCCC(C1)OC(=O)C(O)(c2ccccc2)c3ccccc3,mepenzolatebromide,400
0,COc1ccc(CN(CCN(C)C)c2ccccn2)cc1,mepiramine,403
0,CN1C(CCl)Nc2cc(Cl)c(cc2[S]1(=O)=O)[S](N)(=O)=O,Methyclothiazide,62
0,C[C@](N)(Cc1ccc(O)c(O)c1)C(O)=O,methyldopa,529
0,[Cl-].[Cl-].[Cl-].COc1cccnc1CCCCNC2=NC=C(Cc3ccc(C)nc3)C(=O)N2.[H+].[H+].[H+],Icotidine,360
0,Cc1ccc(CC2=CN=C(NCCSCc3oc(cc3)C(C)(C)N)NC2=O)cn1,Lupitidine,361
1,CN1CCN2C(C1)c3ccccc3Cc4ccccc24,Mianserin,323
1,Cc1ncc2CN=C(c3ccccc3F)c4cc(Cl)ccc4n12,Midazolam,434
0,CC(C)[C@H](NC(=O)N(C)Cc1csc(n1)C(C)C)C(=O)N[C@H](C[C@H](O)[C@H](Cc2ccccc2)NC(=O)OCc3scnc3)Cc4ccccc4,Ritonavir,823
0,[Na+].CC(=O)Nc1c(I)c(NC(C)=O)c(I)c(C([O-])=O)c1I,Sodiumamidotrizoate,723
1,CC1=CN([C@@H]2O[C@H](CO)C=C2)C(=O)NC1=O,Stavudine,107
0,CCOC(=O)C(C1=C(O)Oc2ccccc2C1=O)C3=C(O)Oc4ccccc4C3=O,neodicoumarol,289
0,OCc1cccnc1,Nicotinyl alcohol,548
0,CC(CCc1ccccc1)NC(C)C(O)c2ccc(O)cc2,nylidrin,540
0,C[C@]1(O)CC[C@H]2[C@@H]3CC[C@H]4CC(=O)OC[C@]4(C)[C@H]3CC[C@]12C,Oxandrolone,270
0,OC(=O)CCc1oc(c2ccccc2)c(n1)c3ccccc3,Oxaprozin,710
1,CN1CCN2C(C1)c3ccccc3Cc4cccnc24,Mirtazapine,323
1,C1NCCN(C1)c1ccc(c(n1)Cl)C(F)(F)F,Org12962,221
1,c1c2c(cc(c1)Cl)[C@@H]1[C@H](c3ccccc3O2)CNC1,Org30526,458
1,c1c2c(ccc1)[C@@]1([C@@H](c3cccc(c3O2)C)CNCC1)O,Org32104,177
1,c1ccc(c(c1)[C@H](CC=C)N)c1c2c(on1)cccc2,Org34167,173
1,c1c2c(ccc1)[C@@]1([C@@H](c3cccc(c3O2)C)C[N@](CC1)C)O,Org4428,177
1,c1c2c(cc(c1)Cl)[C@@H]1[C@H](c3ccccc3O2)CN(C1)C,Org5222,458
1,[Na+].[Na+].CC1(C)S[C@@H]2[C@H](NC(=O)[C@H](C([O-])=O)c3cscc3)C(=O)N2[C@H]1C([O-])=O,Ticarcillin,234
1,[Ca++].NC1=NC(=O)C2=C(NCC(CNc3ccc(cc3)C(=O)N[C@@H](CCC([O-])=O)C([O-])=O)N2C=O)N1,Calcium-folinate,87
0,COc1ccc(Cc2nccc3cc(OC)c(OC)cc23)cc1OC,papaverine,679
0,CC1(C)S[C@@H]2[C@H](NC(=O)Cc3ccccc3)C(=O)N2[C@H]1C(O)=O,penicillin G,234
0,CC(C)(C)NCC(O)c1ccc(O)c(CO)n1,pirbuterol,536
0,Cc1ccc(CC2=CN=C(NCCCCc3ncc(Br)cc3C)NC2=O)cn1,Temelastine,360
1,C[C@@H]1CC2=C(CCC(=O)C2)[C@H]3CC[C@@]4(C)[C@@H](CC[C@@]4(O)C#C)[C@H]13,Tibolone,278
1,CC(C)(O/N=C(C(=O)N[C@H]1[C@H]2SCC(=C(N2C1=O)C([O-])=O)C[n+]3ccccc3)/c4csc(N)n4)C(O)=O,Ceftazidime,234
0,NC(N)=NCC1COC2(CCCCC2)O1,Guanadrel,791
1,ClCCN(N=O)C(=O)NC1CCCCC1,Lomustine,66
1,COc1cc(cc(OC)c1O)[C@H]2[C@@H]3[C@H](COC3=O)[C@H](OC4OC5COC(OC5C(O)C4O)c6sccc6)c7cc8OCOc8cc27,Teniposide,15
0,CN1C(CSCC(F)(F)F)Nc2cc(Cl)c(cc2[S]1(=O)=O)[S](N)(=O)=O,Polythiazide,62
0,CC(C)NCC(O)COc1cccc2ccccc12,propranolol,594
0,CC1OC(O[C@H]2CC[C@]3(C)[C@H]4CC[C@]5(C)[C@H](CC[C@]5(O)[C@@H]4CCC3=C2)C6=COC(=O)C=C6)C(O)C(O)C1O,proscillaridin,65
0,COc1ccc(C[C@H](N)C(=O)NC2[C@@H](O)[C@@H](O[C@@H]2CO)n3cnc4c(ncnc34)N(C)C)cc1,puromycin,114
0,NC(=O)c1ncn(n1)[C@@H]2O[C@H](CO)[C@@H](O)[C@H]2O,ribavirin,110
1,OCc1ncc2CN=C(c3ccccc3F)c4cc(Cl)ccc4n12,1-hydroxymidazolam,434
1,CC(Cl)(Cl)Cl,111-trichloroethane,733
1,CC(C)CO,2-methylpropanol,205
0,CN1[C@@H]2CC(C[C@H]1[C@@H]3O[C@H]23)OC(=O)[C@H](CO)c4ccccc4,scopolamine,430
0,C[C@]1(O)CC[C@H]2[C@@H]3CC[C@H]4Cc5[nH]ncc5C[C@]4(C)[C@H]3CC[C@]12C,Stanozolol,270
0,OC(=O)C1=C\C(C=CC1=O)=N/Nc2ccc(cc2)[S](=O)(=O)Nc3ccccn3,sulfasalazine,724
0,CC(C)N1CCN(CC1)c2ccc(OC[C@H]3CO[C@@](Cn4cncn4)(O3)c5ccc(Cl)cc5Cl)cc2,Terconazole,92
0,C[C@]12CC[C@H]3[C@@H](CCC4=CC(=O)C=C[C@]34C)[C@@H]1CCC(=O)O2,testolactone,276
1,Cc1ncc2C(O)N=C(c3ccccc3F)c4cc(Cl)ccc4n12,4-hydroxymidazolam,434
0,CC(C)NCC(O)COc1ccc(CC(N)=O)cc1,Atenolol,595
1,CC(C)(C)OC(=O)c1ncn2c3cccc(Br)c3C(=O)N4CCC[C@H]4c12,Bretazenil,199
1,OC(C1CCCCN1)c2cc(nc3c2cccc3C(F)(F)F)C(F)(F)F,Mefloquine,702
1,CC1COc2c(N3CCN(C)CC3)c(F)cc4C(=O)C(=CN1c24)C(O)=O,Ofloxacin,138
0,CN1C(=O)N(C)c2nc[nH]c2C1=O,theophylline,533
0,NC1=NC(=S)c2[nH]cnc2N1,thioguanine,792
0,Cc1ccc(cc1)[S](=O)(=O)NC(=O)NN2CCCCCC2,tolazamide,509
0,CCCCNC(=O)N[S](=O)(=O)c1ccc(C)cc1,tolbutamide,509
0,Nc1nc(N)c2nc(c3ccccc3)c(N)nc2n1,Triamterene,81
0,CC(C)[C@@H]1NC(=O)[C@H](C)OC(=O)C(NC(=O)[C@H](OC(=O)[C@@H](NC(=O)[C@H](C)OC(=O)[C@H](NC(=O)[C@H](OC(=O)[C@@H](NC(=O)[C@H](C)OC(=O)[C@H](NC(=O)[C@H](OC1=O)C(C)C)C(C)C)C(C)C)C(C)C)C(C)C)C(C)C)C(C)C)C(C)C,valinomycin,859
0,CC(=O)CC(c1ccccc1)C2=C(O)Oc3ccccc3C2=O,warfarin,289
1,CCC(C)=O,Butanone,200
1,N1(c2c(CCc3c1cccc3)cccc2)CCCN,Desmethyldesipramine,471
0,OC(=O)C1=CN(C2CC2)c3cc(N4CCNCC4)c(F)cc3C1=O,ciprofloxacin,138
0,c1cn(CCO)c(CC)c(O)c1=O,cp102,245
0,c1cn(CCCCO)c(CC)c(O)c1=O,cp107,245
0,COC(=O)[C@H]1[C@@H](O)CC[C@H]2CN3CCc4c([nH]c5ccccc45)[C@@H]3C[C@H]12,yohimbine,154
0,CC1=CN([C@H]2C[C@H](N=[N+]=[N-])[C@@H](CO)O2)C(=O)NC1=O,zidovudine,107
1,CN(C)CCCN1c2ccccc2Sc3ccc(cc13)C(C)=O,acepromazine,471
1,CC(=O)c1ccc2Sc3ccccc3N(CCCN4CCN(CCO)CC4)c2c1,acetophenazine,471
1,CN(C)CCC=C1c2ccccc2CCc3ccccc13,amitriptyline,471
1,CCO,Ethanol,204
1,CN1C(=O)CN=C(c2ccccc2F)c3cc(ccc13)[N+]([O-])=O,Flunitrazepam,434
1,CN1C=CC(=O)C(=C1C)O,cp20,245
1,CCN1C=CC(=O)C(=C1C)O,cp21,245
1,CCCCN1C=CC(=O)C(=C1C)O,cp24,245
1,CCCCCN1C=CC(=O)C(=C1C)O,cp25,245
1,c1cn(CCCCC)c(C)c(O)c1=O,cp29,245
0,c1cn(CCCO)c(C)c(O)c1=O,cp41,245
1,CCN1C=CC(=O)C(=C1CC)O,cp94,245
0,CN1CCN(CC1)c2cc3N(C=C(C(O)=O)C(=O)c3cc2F)c4ccc(F)cc4,difloxacin,138
1,CN1N(C(=O)C=C1C)c2ccccc2,antipyrine,264
1,CN1CCc2cccc3c2[C@H]1Cc4ccc(O)c(O)c34,apomorphine,660
1,CCN(CC)C(=O)C1CN2CCc3cc(OC)c(OC)cc3C2CC1OC(C)=O,benzquinamide,259
1,CN1C2CCC1CC(C2)OC(c3ccccc3)c4ccccc4.O[S](O)(=O)=O,benztropine,430
1,OC(CCN1CCCCC1)(C2CC3CC2C=C3)c4ccccc4,biperiden,562
1,CN1C(=O)NC(=O)C(C)(C1=O)C2=CCCCC2,Hexobarbital,423
1,CC(C)(C)NC(=O)[C@@H]1CN(CCN1C[C@@H](O)C[C@@H](Cc2ccccc2)C(=O)N[C@@H]3[C@H](O)Cc4ccccc34)Cc5cccnc5,Indinavir,39
1,FC(F)OC(Cl)C(F)(F)F,Isoflurane,78
1,CC1CCCC1,Methylcyclopentane,755
1,N1(c2c(Sc3c1cccc3)ccc(c2)Cl)CCCNC,Nor-1-chlorpromazine,471
1,N1(c2c(Sc3c1cccc3)ccc(c2)Cl)CCCN,Nor-2-chlorpromazine,471
1,CN(C)CCOC(C)(c1ccccc1)c2ccccn2,doxylamine,598
0,CCN1C=C(C(O)=O)C(=O)c2cc(F)c(nc12)N3CCNCC3,enoxacin,138
0,CN1CCN(CC1)c2c(F)cc3C(=O)C(=CN(CCF)c3c2F)C(O)=O,fleroxacin,138
1,CN(C)CCc1c[nH]c2ccc(O)cc12,bufotenine,526
1,CCCCCc1cc(O)c(C2C=C(C)CC[C@H]2C(C)=C)c(O)c1,cannabidiol,23
1,CSc1ccc2Sc3ccccc3N(CCC4CCCNC4)c2c1,Northioridazine,471
1,CCCO,Propanol,204
1,CCC(=O)c1ccc2Sc3ccccc3N(CCCN4CCN(CCO)CC4)c2c1,carphenazine,471
1,CCCCNc1c(cnc2n(CC)ncc12)C(=O)OCC,cartazolate,54
1,NN1C=Nc2cc3ccccc3cc2C1=O,centazolone,772
1,OC(O)C(Cl)(Cl)Cl,chloralhydrate,226
1,CN=C1CN(O)C(=C2C=C(Cl)C=CC2=N1)c3ccccc3,chlordiazepoxide,244
1,CN(C)CCCN1c2ccccc2Sc3ccc(Cl)cc13,chlorpromazine,471
1,CN(C)CC\C=C/1c2ccccc2Sc3ccc(Cl)cc13,chlorprothixene,471
1,Clc1ccc2OC(=O)Nc2c1,chlorzoxazone,793
1,C[N+](C)(C)CCO,choline,681
1,CN1CCCCC1CCN2c3ccccc3Sc4ccc(cc24)[S](C)(=O)=O,Sulforidazine,471
1,Cc1ccccc1,Toluene,387
1,Cc1nnc2CN=C(c3ccccc3Cl)c4cc(Cl)ccc4n12,Triazolam,434
1,CC(C)[C@@H](CN1CCCC1)N(C)C(=O)Cc2ccc(Cl)c(Cl)c2,ICI197067,347
1,c1(ccccc1)[C@H](CN1CCCC1)N(C(=O)Cc1ccc(c(c1)Cl)Cl)C,ICI199441,347
0,CCN1C=C(C(O)=O)C(=O)c2cc(F)c(N3CCNC(C)C3)c(F)c12,lomefloxacin,138
0,CN(C)C(=O)C(CCN1CCC(O)(CC1)c2ccc(Cl)cc2)(c3ccccc3)c4ccccc4,loperamide,459
1,CN(C)CCCN1c2ccccc2CCc3ccc(Cl)cc13,clomipramine,471
1,[O-][N+](=O)c1ccc2NC(=O)CN=C(c3ccccc3Cl)c2c1,clonazepam,434
1,OCCN1CCN(CC\C=C/2c3ccccc3Sc4ccc(Cl)cc24)CC1,clopenthixol,471
1,COC(=O)[C@H]1[C@H](CC2CCC1N2C)OC(=O)c3ccccc3,cocaine,409
1,FC(F)(F)c1ccc2Sc3ccccc3N(CCCN4CCN(CC4)C5CC5)c2c1,cyclophenazine,471
1,CN(C)CCO,deanol,682
1,ClC=C(Cl)Cl,Trichloroethylene,870
1,n1c(scc1)CCN,Y-G16,316
0,n1c(scc1c1ccccc1)CCN,Y-G19,372
1,Cc1cccc(C)c1,m-Xylene,387
0,CCN1C=C(C(O)=O)C(=O)c2cc(F)c(cc12)N3CCNCC3,norfloxacin,138
0,CCN1C=C(C(O)=O)C(=O)c2cc(F)c(cc12)N3CCN(C)CC3,pefloxacin,138
1,CO[C@H]1[C@@H](C[C@@H]2CN3CCc4c([nH]c5ccccc45)[C@H]3C[C@@H]2[C@@H]1C(=O)OC)OC(=O)c6cc(OC)c(OC)c(OC)c6,deserpidine,154
1,CNCCCN1c2ccccc2CCc3ccccc13,desipramine,471
1,CN1C(=O)CN=C(c2ccccc2)c3cc(Cl)ccc13,diazepam,434
1,CN(C)CCOC(c1ccccc1)c2ccccc2,diphenhydramine,578
1,CC(CN1CCN(CCOCCO)CC1)CN2c3ccccc3Sc4ccccc24,dixyrazine,471
1,Cc1ccccc1C,o-Xylene,387
1,Cc1ccc(C)cc1,p-Xylene,387
1,CC(C)O,2-propanol,206
1,c1cc(ccc1CCCC(OC(C)(C)C)=O)N(CCCl)CCCl,Tertbutylchlorambucil,531
0,CC(C)Nc1cccnc1N2CCN(CC2)C(=O)c3[nH]c4ccc(N[S](C)(=O)=O)cc4c3,Delavirdine,800
1,CN1CCN(CC1)CC(=O)N2c3ccccc3C(=O)Nc4cccnc24,Pirenzepine,196
1,c1ccc2N([C@H](CN3CCCC3)C)c3c(ccc(C(=O)NCCC)c3)Sc2c1,RP60180,464
0,CN1CCN(CC1)c2c(F)cc3C(=O)C(=CN4CCSc2c34)C(O)=O,rufloxacin,138
0,CC(C)(C)NCC(O)c1ccc(O)c(CO)c1,salbutamol,536
1,[H+].[Cl-].CN(C)CC\C=C/1c2ccccc2COc3ccccc13,doxepin,471
1,CN(C)CCOC(C)(c1ccccc1)c2ccccn2.OC(=O)CCC(O)=O,doxylamine succinate,598
1,Clc1ccc2n3cnnc3CN=C(c4ccccc4)c2c1,estazolam,434
1,CCc1ccccc1N2C(=Nc3ccccc3C2=O)C,etaqualone,134
1,CCOC(=O)c1cnc2n(CC)ncc2c1NN=C(C)C,etazolate,54
1,CCC(O)(\C=C\Cl)C#C,ethchlorvynol,194
1,s1c(ncc1)CCN,5-68,316
1,c1ccc2Oc3c(cc(cc3)Cl)[C@@H]3[C@@H](c2c1)C[N@](CC3)C,7-K06,458
1,c1ccc2Oc3c(cc(cc3)Cl)[C@@H]3[C@@H](c2c1)CNCC3,7-K10,458
0,C[C@H]1CN(C[C@@H](C)N1)c2c(F)c(N)c3C(=O)C(=CN(C4CC4)c3c2F)C(O)=O,sparfloxacin,138
1,CCc1ccc2Sc3ccccc3N(CC(C)CN(C)C)c2c1,etymemazine,471
1,OCCN1CCN(CC\C=C/2c3ccccc3Sc4ccc(cc24)C(F)(F)F)CC1,flupentixol,471
1,OCCN1CCN(CCCN2c3ccccc3Sc4ccc(cc24)C(F)(F)F)CC1,fluphenazine,471
1,CCN(CC)CCN1C(=O)CN=C(c2ccccc2F)c3cc(Cl)ccc13,flurazepam,434
1,COc1cc2CCN(C)C3CC4(C=CC(=O)C=C4)c(c1O)c23,glaziovine,683
1,[NH]C(CC(C)C([N@@](C(C)(C)C)C(N)(C)N)(C)C)c1c(c(c[nH+][o+]1)C)[O-],23,866
1,CN(C1CCCC[C@H]1N2CCCC2)C(=O)Cc3ccc(Cl)c(Cl)c3,U50488,347
1,[H+].[H+].[Cl-].[Cl-].OCCN1CCCN(CCCN2c3ccccc3Sc4cc(ccc24)C(F)(F)F)CC1,homophenazine,471
1,CCC(O)(COC(N)=O)c1ccccc1,hydroxyphenamate,603
1,CN(C)CCCN1c2ccccc2CCc3ccccc13,imipramine,471
0,CN(C)Cc1oc(cc1)CSCCNC=1NC=C(CN1)Cc1cnc(cc1)C,8-5,362
1,n1(c(c2nc[nH]c2n(c1=O)C)=O)C,9-C1,533
1,CCN(CC)CC(=O)Nc1c(C)cccc1C,lidocaine,568
1,OC1N=C(c2ccccc2Cl)c3cc(Cl)ccc3NC1=O,lorazepam,434
1,CN(C)CCOC(=O)COc1ccc(Cl)cc1,meclofenoxate,586
1,CC1=Nc2ccccc2C(=O)N1c3ccccc3Cl,mecloqualone,134
1,CN1CCN=C(c2ccccc2)c3cc(Cl)ccc13,medazepam,434
1,CCCC(C)(COC(N)=O)COC(N)=O,meprobamate,572
1,CN1CCCCC1CCN2c3ccccc3Sc4ccc(cc24)[S](C)=O,mesoridazine,471
1,Cc1ccccc1N2C(=Nc3ccccc3C2=O)C,methaqualone,134
1,COc1ccccc1OCC(O)COC(N)=O,methocarbamol,593
1,COc1ccc2Sc3ccccc3N(CCCN(C)C)c2c1,methopromazine,471
1,COc1ccc2Sc3ccccc3N(C[C@H](C)CN(C)C)c2c1,methotrimeprazine,471
1,COC(=O)C(C1CCCCN1)c2ccccc2,methylphenidate,383
1,CCC1(CC)C(=O)NCC(C)C1=O,methyprylon,503
1,CNCCCN1c2ccccc2Sc3ccccc13,Desmonomethylpromazine,471
0,C[C@@H](CN1CC(=O)NC(=O)C1)N2CC(=O)NC(=O)C2,Dexrazoxane,746
1,Cc1ncc2CN=C(c3ccccc3F)c4cc(Cl)ccc4n12.OC(=O)\C=C/C(O)=O,midazolam maleate,434
1,[O-][N+](=O)c1ccc2NC(=O)CN=C(c3ccccc3)c2c1,nitrazepam,434
1,Clc1ccc2NC(=O)CN=C(c3ccccc3)c2c1,nordazepam,434
1,CNCCC=C1c2ccccc2CCc3ccccc13,nortriptyline,471
1,CN(C)CCOC(c1ccccc1)c2ccccc2C,orphenadrine,578
1,CCN(CC)C(=S)SSC(=S)N(CC)CC,Disulfiram,825
0,FC(F)(F)[C@]1(OC(=O)Nc2ccc(Cl)cc12)C#CC3CC3,Efavirenz,712
0,CC[C@@H](CO)NCCN[C@@H](CC)CO,Ethambutol,734
0,CC1(C)S[C@@H]2[C@H](NC(=O)CCC[C@@H](N)C(O)=O)C(=O)N2[C@H]1C(O)=O,adicillin,234
0,[Na+].CC1(C)SC2C(NC(=O)CSCC=C)C(=O)N2C1C([O-])=O,almecillin,234
0,CC1(C)S[C@@H]2[C@H](NC(=O)C34C[C@H]5C[C@H](CC(N)(C5)C3)C4)C(=O)N2[C@H]1C(O)=O,amantocillin,234
0,CC(C)(C)C(=O)OCOC(=O)C1N2[C@H](SC1(C)C)[C@H](N=CN3CCCCCC3)C2=O,amdinocillinpivoxil,234
0,CC1(C)S[C@@H]2C(NC(=O)[C@H](NC(=O)C3=CNc4cccnc4C3=O)c5ccccc5)C(=O)N2[C@H]1C(O)=O,apalcillin,234
0,CNC(=O)C[C@@H](N)C(=O)N[C@@H](C(=O)N[C@H]1[C@H]2SC(C)(C)[C@@H](N2C1=O)C(O)=O)c3ccc(O)cc3,aspoxicillin,234
0,C[C@H]1[C@H](NC(=O)C(=N/OC(C)(C)C(O)=O)\c2csc([NH3+])n2)C(=O)N1[S]([O-])(=O)=O,aztreonam,239
0,CCOC(=O)OC(C)OC(=O)[C@@H]1N2[C@H](SC1(C)C)[C@H](N=CN3CCCCCC3)C2=O,bacmecillinam,234
0,CC(C)COCC(CN(Cc1ccccc1)c2ccccc2)N3CCCC3,bepridil,385
0,CC(C)(C)NCC(O)c1ccc(O)c(NC(N)=O)c1,carbuterol,536
0,CC1(C)S[C@@H]2[C@H](NC(=O)C(C(=O)Oc3ccccc3)c4ccccc4)C(=O)N2[C@H]1C(O)=O,carfecillin,234
0,CC1(C)S[C@@H]2[C@H](NC(=O)C(C(=O)Oc3ccc4CCCc4c3)c5ccccc5)C(=O)N2[C@H]1C(O)=O,carindacillin,234
0,NC(=O)OCC1[C@H](NC(=O)C(=N/OCC(O)=O)\c2csc(N)n2)C(=O)N1[S](O)(=O)=O,carumonam,234
0,N[C@@H](C(=O)N[C@H]1[C@H]2SCC(=C(N2C1=O)C(O)=O)Cl)c3ccccc3,cefaclor,234
0,CC1=C(N2[C@H](SC1)[C@H](NC(=O)[C@H](N)c3ccc(O)cc3)C2=O)C(O)=O,cefadroxil,234
0,CC1=C(N2[C@H](SC1)[C@H](NC(=O)[C@H](N)c3ccccc3)C2=O)C(O)=O,cefalexin,234
0,CC(=O)OCC1=C(N2[C@H](SC1)[C@H](NC(=O)Cc3ccccc3)C2=O)C(O)=O,cefaloram,234
0,Cc1sc(SCC2=C(N3[C@H](SC2)[C@H](NC(=O)C(N)c4ccc(O)cc4)C3=O)C(O)=O)nn1,cefaparole,234
0,NC(C(=O)N[C@H]1[C@H]2SCC(=C(N2C1=O)C(O)=O)CSc3cn[nH]n3)c4ccc(O)cc4,cefatrizine,234
0,[Na+].Cn1nnnc1SCC2=C(N3[C@H](SC2)[C@H](NC(=O)CSC(F)(F)F)C3=O)C([O-])=O,cefazaflur,234
0,Cc1sc(SCC2=C(N3[C@H](SC2)[C@H](NC(=O)CN4C=C(Cl)C(=O)C(=C4)Cl)C3=O)C(O)=O)nn1,cefazedone,234
0,Cc1sc(SCC2=C(N3[C@H](SC2)[C@H](NC(=O)[C@H](O)c4ccccc4)C3=O)C(O)=O)nn1,cefcanel,234
0,CC(N)C(=O)OC(C(=O)NC1C2SCC(=C(N2C1=O)C(=O)OCC3=C(C)OC(=O)O3)CSc4sc(C)nn4)c5ccccc5,cefcanel-daloxate,234
0,CC/C=C(C(=O)N[C@H]1[C@H]2SCC(=C(N2C1=O)C(O)=O)COC(N)=O)/c3csc(N)n3,cefcapene,234
0,COCC1=C(N2[C@H](SC1)[C@H](NC(=O)C(=N\O)/c3csc(N)n3)C2=O)C(O)=O,cefdaloxime,234
0,Nc1scc(n1)\C(=N\O)C(=O)N[C@H]2[C@H]3SCC(=C(N3C2=O)C(O)=O)C=C,cefdinir,234
0,CO\N=C(C(=O)NC1[C@H]2SCC(=C(N2C1=O)C(O)=O)\C=C/c3scnc3C)\c4csc(N)n4,cefditoren,234
0,CC1=C(N2[C@H](SC1)[C@H](NC(=O)[C@H](N)c3ccc(O)c(Cl)c3)C2=O)C(O)=O,cefedrolor,234
0,CO/N=C(C(=O)N[C@H]1[C@H]2SCC(=C(N2C1=O)C(O)=O)C)/c3csc(N)n3,cefetamet,234
0,OC(=O)C1=C(CS[C@@H]2[C@H](NC(=O)Cc3sccc3)C(=O)N12)CSc4[nH]ncn4,cefetrizole,234
0,Cn1nnnc1SCC2=C(N3[C@H](SC2)[C@H](NC(=O)CS\C=C/C#N)C3=O)C(O)=O,cefivitril,234
0,Nc1scc(n1)\C(=N\OCC(O)=O)C(=O)N[C@H]2[C@H]3SCC(=C(N3C2=O)C(O)=O)C=C,cefixime,234
0,CO/N=C(C(=O)N[C@H]1[C@H]2SCC(=C(N2C1=O)C(O)=O)CSc3nnnn3C)/c4csc(N)n4,cefmenoxime,234
0,CO[C@]1(NC(=O)CSCC#N)[C@H]2SCC(=C(N2C1=O)C(O)=O)CSc3nnnn3C,cefmetazole,234
0,CO[C@]1(NC(=O)CSC[C@@H](N)C(O)=O)[C@H]2SCC(=C(N2C1=O)C(O)=O)CSc3nnnn3C,cefminox,234
0,CO\N=C(C(=O)N[C@H]1[C@H]2SCC(=C(N2C1=O)C(O)=O)CSc3sc(CC(O)=O)c(C)n3)/c4csc(N)n4,cefodizime,234
0,OC(C(=O)N[C@H]1[C@H]2SCC(=C(N2C1=O)C(O)=O)CSc3nnnn3C[S](O)(=O)=O)c4ccccc4,cefonicid,234
0,NCc1ccccc1CC(=O)N[C@H]2[C@H]3SCC(=C(N3C2=O)C(O)=O)CSc4nnnn4CC(O)=O,ceforanide,234
0,CO[C@]1(NC(=O)C2S\C(S2)=C(\C(N)=O)C(O)=O)[C@H]3SCC(=C(N3C1=O)C(O)=O)CSc4nnnn4C,cefotetan,234
0,CN(C)CCn1nnnc1SCC2=C(N3[C@H](SC2)[C@H](NC(=O)Cc4csc(N)n4)C3=O)C(O)=O,cefotiam,234
0,CC(=O)OCC1=C(N2[C@H](SC1)[C@H](NC(=O)c3c(C)onc3c4ccccc4Cl)C2=O)C(O)=O,cefoxazole,234
0,Cn1nnnc1SCC2=C(N3[C@H](SC2)C(NC(=O)[C@H](NC(=O)C4=CNC(=CC4=O)C)c5ccc(O)cc5)C3=O)C(O)=O,cefpiramide,234
0,[Na+].COCC1=C(N2[C@H](SC1)[C@H](NC(=O)C(=N/OC)\c3csc(N)n3)C2=O)C([O-])=O,cefpodoxime,234
0,O.C/C=C/C1=C(N2[C@H](SC1)[C@H](NC(=O)[C@H](N)c3ccc(O)cc3)C2=O)C(O)=O,cefprozil,234
0,CC1=C(N2[C@H](SC1)[C@H](NC(=O)Cc3ccc(cc3)C4=NCCCN4)C2=O)C(O)=O,cefrotil,234
0,COC1=C(N3C(SC1)C(NC(=O)C(N)C2C=CCC=C2)C3=O)C(O)=O,cefroxadine,234
0,CC1=C(N2[C@H](SC1)[C@H](NC(=O)[C@H](N)c3cccc(N[S](C)(=O)=O)c3)C2=O)C(O)=O,cefsumide,234
0,CO/N=C(C(=O)N[C@H]1[C@H]2SCC(=C(N2C1=O)C(O)=O)Cn3nnc(C)n3)/c4csc(N)n4,cefteram,234
0,OC(=O)C1=C(CS[C@@H]2[C@H](NC(=O)Cn3cnnn3)C(=O)N12)CSc4scnn4,ceftezole,234
0,O.O.Nc1scc(n1)\C(=C\CC(O)=O)C(=O)N[C@H]2[C@H]3SCC=C(N3C2=O)C(O)=O,ceftibuten,234
0,CO/N=C(C(=O)N[C@H]1[C@H]2SCC(=C(N2C1=O)C(O)=O)CSC(=O)c3occc3)/c4csc(N)n4,ceftiofur,234
0,CO/N=C(C(=O)N[C@H]1[C@H]2SCC(=C(N2C1=O)C(O)=O)\C=C\SC3=NNC(=O)C(=O)N3CC=O)/c4csc(N)n4,ceftiolene,234
0,CO/N=C(C(=O)N[C@H]1[C@@H]2N(C1=O)C(=C(COC(C)=O)C[S]2=O)C(O)=O)/c3csc(N)n3,ceftioxide,234
0,CO/N=C(C(=O)N[C@H]1[C@H]2SCC=C(N2C1=O)C(O)=O)/c3csc(N)n3,ceftizoxime,234
0,CO/N=C(C(=O)N[C@H]1[C@H]2SCC(=C(N2C1=O)C(O)=O)COC(C)=O)/c3occc3,cefuracetime,234
0,CO/N=C(C(=O)N[C@H]1[C@H]2SCC(=C(N2C1=O)C(=O)OC(C)OC(C)=O)COC(N)=O)/c3occc3,cefuroxime-axetil,234
0,COCCCC(=O)OC(C)OC(=O)C1=C(COC(N)=O)CS[C@@H]2[C@H](NC(=O)C(=N/OC)\c3occc3)C(=O)N12,cefuroxime-pivoxetil,234
0,CO/N=C(C(=O)N[C@H]1[C@H]2SCC(=C(N2C1=O)C(O)=O)CSc3snnc3)/c4csc(N)n4,cefuzonam,234
0,[Na+].CC(=O)OCC1=C(N2[C@@H](SC1)[C@@H](NC(=O)CC#N)C2=O)C([O-])=O,cephacetrile,234
0,O.O.CC(=O)OCC1=C(N2[C@H](SC1)[C@H](NC(=O)[C@H](N)c3ccccc3)C2=O)C(O)=O,cephaloglycin,234
0,CC(=O)OCC1=C(N2[C@H](SC1)[C@H](NC(=O)CCC[C@@H](N)C(O)=O)C2=O)C(O)=O,cephalosporin-c,234
0,CC(=O)OCC1=C(N2[C@H](SC1)[C@H](NC(=O)Cc3sccc3)C2=O)C(O)=O,cephalothin,234
0,COC(C(=O)N[C@H]1[C@H]2SC(C)(C)[C@@H](N2C1=O)C(O)=O)c3ccc(Cl)c(Cl)c3,clometocillin,234
0,CC1(C)S[C@@H]2[C@H](NC(=O)C3(N)CCCCC3)C(=O)N2[C@H]1C(O)=O,cyclacillin,234
0,CC(C)C1NC(=O)C(NC(=O)c2ccc(C)c3OC4=C(C)C(=O)C(=C(C(=O)NC5C(C)OC(=O)C(C(C)C)N(C)C(=O)CN(C)C(=O)C6CCCN6C(=O)C(NC5=O)C(C)C)C4=Nc23)N)C(C)OC(=O)C(C(C)C)N(C)C(=O)CN(C)C(=O)C7CCCN7C1=O,dactinomycin,61
0,Cc1onc(c1C(=O)N[C@H]2[C@H]3SC(C)(C)[C@@H](N3C2=O)C(O)=O)c4c(Cl)cccc4Cl,dicloxacillin,234
0,CNCC(O)c1ccc(OC(=O)C(C)(C)C)c(OC(=O)C(C)(C)C)c1,dipivefrin,537
0,CCC(=O)O[C@H]1[C@@H](C)[C@@H](C)OC(=O)C(C)[C@@H](O[C@H]2C[C@H](OC)[C@@H](OC(=O)CC)[C@H](C)O2)[C@H](C)[C@@H](O[C@@H]3O[C@H](C)C[C@@H]([C@H]3O)N(C)C)C(C)C[C@@]4(CO4)C(=O)[C@@H]1C,diproleandomycin,49
0,CC1(C)S[C@@H]2[C@H](NC(=O)[C@H](N)C3=CCC=CC3)C(=O)N2[C@H]1C(O)=O,epicillin,234
0,CCC(C)[C@H]1O[C@]2(CC[C@@H]1C)CC3C[C@@H](C\C=C(C)\[C@@H](O[C@H]4C[C@H](OC)[C@@H](OC5C[C@H](OC)[C@@H](O)[C@H](C)O5)[C@H](C)O4)[C@@H](C)/C=C/C=C/6CO[C@@H]7[C@H](O)C(=C[C@@H](C(=O)O3)[C@]67O)C)O2.CO[C@H]8CC(O[C@@H](C)[C@@H]8O)O[C@H]9[C@H](C)O[C@H](C[C@@H]9OC)O[C@H]/%10[C@@H](C)/C=C/C=C/%11CO[C@@H]%12[C@H](O)C(=C[C@@H](C(=O)OC%13C[C@@H](C\C=C%10C)O[C@@]%14(CC[C@H](C)[C@H](O%14)C(C)C)C%13)[C@]%11%12O)C,eqvalan,814
0,CC1(C)S[C@@H]2[C@H](NC(=O)C(Oc3ccccc3)c4ccccc4)C(=O)N2[C@H]1C(O)=O,fenbenicillin,234
0,CC1(C)S[C@@H]2[C@H](NC(=O)[C@H](NC(=O)C(C)(C)Oc3ccc(Cl)cc3)c4ccccc4)C(=O)N2[C@H]1C(O)=O,fibracillin,234
0,[Na].CO[C@]1(NC(=O)CSC(F)(F)F)[C@H]2OCC(=C(N2C1=O)C(O)=O)CSc3nnnn3CCO,flomoxef,234
0,CC1(C)S[C@@H]2[C@H](NC(=O)[C@@H](N=Cc3occc3)c4ccc(O)cc4)C(=O)N2[C@H]1C(O)=O,fumoxicillin,234
0,CC(C)CC(OC(=O)c1occc1)C(=O)N[C@H]2[C@H]3SC(C)(C)[C@@H](N3C2=O)C(O)=O,furbucillin,234
0,CO/N=C(C(=O)N[C@H]1[C@H](C)N(OCC(=O)OCC(=O)OC(C)(C)C)C1=O)/c2csc(N)n2,gloximonam,234
0,CC1CN(CCN1)c2cc3N(C=C(C(O)=O)C(=O)c3c(C)c2F)C4CC4,grepafloxacin,138
0,CC1(C)N[C@@H](C(=O)N1[C@H]2[C@H]3SC(C)(C)[C@@H](N3C2=O)C(O)=O)c4ccccc4,hetacillin,234
0,CC1=CC(=O)Oc2cc(O)ccc12,hymecromone,73
0,O.C[C@H](O)[C@@H]1[C@H]2CC(=C(N2C1=O)C(O)=O)SCCN=CN,imipenem,183
0,CC1(C)S[C@@H]2[C@H](NC(=O)C(C)(C)Oc3ccccc3)C(=O)N2[C@H]1C(O)=O,isopropicillin,234
0,CC1=C(COC(=O)[C@@H]2N3[C@H](SC2(C)C)[C@H](NC(=O)[C@H](N)c4ccccc4)C3=O)OC(=O)O1,lenampicillin,234
0,CNCC[C@@H](O)[C@@H]1C[C@@H](CN1)SC2=C(N3[C@H]([C@H]2C)[C@@H]([C@@H](C)O)C3=O)C(O)=O,lenapenem,178
0,O.N[C@@H](C(=O)NC1C2CCC(=C(N2C1=O)C(O)=O)Cl)c3ccccc3,loracarbef,234
0,CCCCc1nc(Cl)c(CO)n1Cc2ccc(cc2)c3ccccc3c4n[nH]nn4,losartan,30
0,CC1(C)S[C@@H]2[C@H](N=CN3CCCCCC3)C(=O)N2[C@H]1C(O)=O,mecillinam,234
0,CC(CN(C)C)OC(C)(c1ccccc1)c2ccc(Cl)cc2,mecloxamine,598
0,O.O.O.C[C@H](O)C1C2[C@@H](C)C(=C(N2C1=O)C(O)=O)S[C@@H]3CN[C@@H](C3)C(=O)N(C)C,meropenem,178
0,CC1(C)SC2C(NC(=O)C(N=C)c3ccccc3)C(=O)N2C1C(O)=O,metampicillin,234
0,COc1cccc(OC)c1C(=O)N[C@H]2[C@H]3SC(C)(C)[C@@H](N3C2=O)C(O)=O,meticillin,234
0,CC1(C)S[C@@H]2[C@H](NC(=O)[C@H](NC(=O)N3CCN(C3=O)[S](C)(=O)=O)c4ccccc4)C(=O)N2[C@H]1C(O)=O,mezlocillin,234
0,COCC(=O)O[C@]1(CCN(C)CCCc2[nH]c3ccccc3n2)CCc4cc(F)ccc4[C@@H]1C(C)C,mibefradil,757
0,CO[C@]1(NC(=O)C(C(O)=O)c2ccc(O)cc2)[C@H]3OCC(=C(N3C1=O)C(O)=O)CSc4nnnn4C,moxalactam,234
0,COC1CC(OC(C)C1O)O[C@H]2[C@H](C)[C@@H](OC3OC(C)CC(C3O)N(C)C)[C@@H](C)C[C@]4(CO4)C(=O)[C@H](C)[C@@H](O)[C@@H](C)[C@@H](C)OC(=O)[C@@H]2C,oleandomycin,49
0,CC1(C)NC(C(=O)[NH+]1[C@H]2[C@H]3SC(C)(C)[C@@H](N3C2=O)C(O)=O)c4ccc(O)cc4,oxetacillin,235
0,CO\N=C(C(=O)NC1[C@H](C)N(OCC(O)=O)C1=O)\c2csc(N)n2,oximonam,234
0,CC(=O)OCOC(=O)C1N2C(SC1(C)C)C(NC(=O)Cc3ccccc3)C2=O,penamecillin,234
0,[Na].CC1(C)SC2C(NC(=O)Cc3ccccc3)C(=O)N2C1C(O)=O,penicillin,234
0,CC(Oc1ccccc1)C(=O)NC2C3SC(C)(C)C(N3C2=O)C(O)=O,phenethicillin,234
0,[Na+].CC1(C)S[C@@H]2[C@H](NC(=O)[C@H](NC(=O)C3=CC=C(NC3=O)c4ccc(cc4)[S](=O)(=O)N(CCO)CCO)c5ccc(O)cc5)C(=O)N2[C@H]1C([O-])=O,piridicillin,236
0,CC1(C)S[C@@H]2[C@H](NC(=O)[C@H](NC(=O)NC3=CN=C(NC3=O)Nc4ccc(cc4)[S](N)(=O)=O)c5ccc(O)cc5)C(=O)N2[C@H]1C(O)=O,piroxicillin,234
0,CC(C)(C)C(=O)OCOC(=O)[C@@H]1N2[C@H](SC1(C)C)[C@H](NC(=O)[C@H](N)c3ccccc3)C2=O,pivampicillin,234
0,CNCC(O)c1cccc(OC(=O)C(C)(C)C)c1,pivenfrine,537
0,Cc1cnn(c1C(=O)N[C@H]2[C@H]3SC(C)(C)[C@@H](N3C2=O)C(O)=O)c4c(Cl)cccc4Cl,prazocillin,234
0,CCCNCC(O)COc1ccccc1C(=O)CCc2ccccc2,propafenone,636
0,CCC(Oc1ccccc1)C(=O)NC2C3SC(C)(C)C(N3C2=O)C(O)=O,propicillin,234
0,CC1(C)S[C@@H]2[C@H](NC(=O)c3nc4ccccc4nc3C(O)=O)C(=O)N2[C@H]1C(O)=O,quinacillin,234
0,[Na+].C[C@@H](O)[C@@H]1[C@H]2SC(=C(N2C1=O)C([O-])=O)COC(N)=O,ritipenem,181
0,CC1(C)S[C@@H]2[C@H](NC(=O)[C@H](NC(=O)Cc3ccc(cc3)C4=NCCCN4)c5ccccc5)C(=O)N2[C@H]1C(O)=O,rotamicillin,234
0,COCOC(=O)C1N2C(SC1(C)C)C(N3C(=O)C(NC3(C)C)c4ccc(O)cc4)C2=O,sarmoxicillin,234
0,COCOC(=O)[C@@H]1N2[C@H](SC1(C)C)[C@H](N3C(=O)C(NC3(C)C)c4ccccc4)C2=O,sarpicillin,234
0,CC1C2CC(OC(C)=O)\C=C\C(=C\CC(O)/C=C/C(=C/C(NC(=O)C(C)=O)C(C)(C(=O)O2)C1=O)C)C,sedecamycin,846
0,CC1(C)S[C@@H]2[C@H](NC(=O)C(c3ccccc3)[S](O)(=O)=O)C(=O)N2[C@H]1C(O)=O,sulbenicillin,234
0,CC1(C)S[C@@H]2[C@H](NC(=O)[C@H](N)c3ccccc3)C(=O)N2[C@H]1C(O)=O.CC4(C)[C@@H](N5[C@@H](CC5=O)[S]4(=O)=O)C(O)=O,sultamicillin,234
0,[Na+].[Na+].CC1(C)S[C@@H]2[C@H](NC(=O)[C@H](N[S]([O-])(=O)=O)c3ccccc3)C(=O)N2[C@H]1C([O-])=O,suncillin,234
0,CO[C@@H]1C[C@@H](CC[C@H]1O)/C=C(C)/[C@H]2OC(=O)[C@@H]3CCCCN3C(=O)C(=O)[C@]4(O)O[C@H]([C@H](C[C@@H](C)CC(=C/[C@@H](CC=C)C(=O)C[C@H](O)[C@H]2C)/C)OC)[C@H](C[C@H]4C)OC,tacrolimus,855
0,CC1(C)S[C@@H]2[C@H](NC(=O)[C@H](N)c3ccccc3)C(=O)N2[C@H]1C(=O)OC4OC(=O)c5ccccc45,talampicillin,234
0,CO[C@]1(NC(=O)C(C(O)=O)c2cscc2)[C@H]3SC(C)(C)[C@@H](N3C1=O)C(O)=O,temocillin,237
0,CC1(C)SC2C(NC(=O)CSc3ccccc3)C(=O)N2C1C(O)=O,thiphencillin,234
0,CC1(C)[C@H](NC(=O)C(=N\OCC(O)=O)/c2csc(N)n2)C(=O)N1O[S](O)(=O)=O,tigemonam,234
0,CC(C)C(=O)OCc1cccc(OC(=O)[C@@H]2N3[C@H](SC2(C)C)[C@H](NC(=O)Cc4ccccc4)C3=O)c1,tobicillin,234
0,Cc1ccc(cc1)C(=O)c2cc(O)c(O)c(c2)[N+]([O-])=O,tolcapone,784
0,CO[C@H]1C[C@@H](O[C@@H](C)[C@@H]1OC(C)=O)O[C@H]2[C@H](C)[C@@H](O[C@@H]3O[C@H](C)C[C@@H]([C@H]3OC(C)=O)N(C)C)[C@@H](C)C[C@@]4(CO4)C(=O)[C@H](C)[C@@H](OC(C)=O)[C@@H](C)[C@@H](C)OC(=O)[C@@H]2C,troleandomycin,49
1,[C@@]3(C1=CC=CS1)(N2CCCCC2)[C@H](CCCC3)C,gacyclidine,232
1,C1=C(Cl)C=CC(=C1N2CCN(CCCNC(C)=O)CC2)Cl,acaprazine,486
1,[C@]34([C@H]([C@H]2[C@@H]([C@@]1(C([C@@H](C(CC1)OC(C)=O)Br)[C@@H](C2)Br)C)CC3)CC[C@@H]4[C@@H](CCCC(C)C)C)C,acebrochol,762
1,C2=C(CN(C(=C(SC(=O)C1=CC=CO1)\CCOC(=O)COC(=O)C)/C)C=O)C(=NC(=N2)C)N,acefurtiamine,55
1,C1=NC(=NC(=C1CN(C(=C(\CCOC(C)=O)SC(C)=O)/C)C=O)N)C,acetiamine,55
1,C2=C(C(C1=CC=CC=C1)(C(OC(=O)C)CC)CC(N(C)C)C)C=CC=C2,acetylmethadol/levacetylmethadol/alphacetylmethadol/betacetylmethadol,544
1,C1=CC(=CC=C1OCC(OCCNC23CC4CC(C2)CC(C3)C4)=O)Cl,adafenoxate,586
1,C1=NC(=NC=C1)N5CCN(CCNC(C23CC4CC(C2)CC(C3)C4)=O)CC5,adatanserin,396
1,C(N1C(C(C)OC1=O)=O)C=C,allomethadione,132
1,[C@H](C(C1=CC=CC=C1)(C2=CC=CC=C2)C[C@H](N(C)C)C)(CC)O,alphamethadol,544
1,[C@H]4(CC3C2=C1C(=C[N](C1=CC=C2)C(C)C)CC3N(C4)C)C(NC5CCCCC5)=O,amesergide,150
1,C3=C2C([NH2+]CCCCCCC(O)=O)C1=CC=CC=C1CCC2=CC=C3.[Cl-],amineptine,606
1,C1=CC=CC2=C1C(C3=C(CC2)C=CC=C3)=CCC[N+](C)(C)[O-],amitriptylinoxide,471
1,C1=C(C=CC=C1N2C(C=CC=C2)=O)N,amphenidone,721
1,C1=CC(=CC=C1C(N2C(CCC2)=O)=O)OC,aniracetam,382
1,COc2cc1oc(=O)c(C)c(C)c1cc2OCCCN3CCN(CC3)c4ccccc4OC,anseculin,469
1,[C@H](N1C3=C(SC2=C1C=CC=C2)C=CC(=C3)C(=O)NCCC)(CN4CCCC4)C,apadoline,464
1,C1=CC=CC=C1C(C(OC2CC3N(C)C(C2)CC3)=O)(CO)C,atromepine,430
1,C1=CC=CC=C1C(C(OC2CC3[N+](C(C2)CC3)(C)[O-])=O)CO,atropine-oxide,430
1,CN(CCc2cc3cccc4CCc1ccccc1n2c34)Cc5ccccc5,azipramine,653
1,[C@H]13[C@H](C[C@@H]1C2=CC=C(F)C=C2)CN(C3)CCN4C(=O)C5=C(NC4=O)C=CC=C5,balaperidone,614
1,C1=CC=CC3=C1N=C([N]2C(=NC(=N2)C)C3)N4CCN(C)CC4,batelapine,471
1,C2=C(CN(C(=C(SC(=O)C1=CC=CC=C1)/CCO[P](=O)(O)O)/C)C=O)C(=NC(=N2)C)N,benfotiamine,55
1,C4=C(C2=C1C3=C(SC1=NC(=O)CN2)CCCC3)C=CC=C4,bentazepam,839
1,C3=C(C(SC(/CCOC(C1=CC=CC=C1)=O)=C(N(CC2=C(N=C(N=C2)C)N)C=O)/C)=O)C=CC=C3,bentiamine,55
1,C1=CC=C(Cl)C3=C1\C(C2=CC=CC=C2C=C3)=C/CC[N+]([O-])(C)C,benzaprinoxide,471
1,[Cl].C1=CC=CC2=C1[N](C=C2CCC3=CC=NC=C3)CC4=CC=CC=C4,benzindopyrine,736
1,C(C1=CC=CC=C1)O,benzyl-alcohol,549
1,C(C2C1C(NC(N1)=O)CS2)CCCC(O)=O,biotin,713
1,C1=NC(=NC(=C1CN(C(=C(SSC(=C(\C)N(C=O)CC2=C(N)N=C(C)N=C2)/CCOC(=O)C3=CC=CC=C3)/CCOC(=O)C4=CC=CC=C4)\C)C=O)N)C,bisbentiamine,55
1,C1=C(C3=C(N=C1N2CCN(CC)CC2)CCCCCC3)C4=CC=C(F)C=C4,blonanserin,654
1,CC(C(C(NC(N)=O)=O)Br)C,bromisoval,582
1,C1=C(C(=C(C=C1Br)C)O)C(N)=O,brosotamide,668
1,C2=C(C1C(NC(C1)=O)=O)C=CC=C2Br,brosuximide,717
1,C1=C(Br)SC2=C1C(=NCC3=NN=C([N]23)C)C4=C(C=CC=C4)Cl,brotizolam,434
1,C1=C(C(CCC)=O)C=CC3=C1N(C2=C(C=CC=C2)S3)CCCN4CCN(C)CC4,butaperazine,471
1,C(C(CCCC)CC)NC(CC(C)O)=O,butoctamide,827
1,[C@@H]34C1=CC=CC2=C1C(=C[NH]2)C[C@H]3N(C[C@@H](C4)C(N(C(NCC)=O)CCCN(C)C)=O)CC=C,cabergoline,151
1,C1=C(Cl)C=CC2=C1C(=NC(OC(N(C)C)=O)C(N2C)=O)C3=CC=CC=C3,camazepam,434
1,C1=C(Cl)C=CC2=C1C(N(CC(=O)N2C)C(N)=O)C3=CC=CC=C3,carburazepam,456
1,C1=C(C(OC(N)=O)C#C)C=CC=C1,carfimate,592
1,C1=CC=CC2=C1CN(CC(N)=O)C(O2)=O,caroxazone,390
1,C1=C(C=CC3=C1N(CCCN2CCN(CC2)CCO)C4=C(S3)C=CC=C4)C(CC)=O,carphenazine/carfenazine,471
1,[C@@H](C(C1=CC=CC=C1)=O)(C)N,cathinone,528
1,C1=CC(=CC=C1C3CN(CC(N2CC(NCC2)=O)=O)C(C3)=O)Cl,cebaracetam,758
1,CC1=CC(=NNC1=O)C,cetohexazine,828
1,C1=C(CN(C(=C(SC(OCC)=O)/CCOC(OCC)=O)/C)C=O)C(=NC(=N1)C)N,cetotiamine,55
1,C1=C2C(=CC=C1)C(C=C(O2)C(O)=O)=O,chromocarb,292
1,C1=C(SC2=C1C(=NCC3=NN=C([N]23)C4CCCCC4)C5=CC=CC=C5Cl)Br,ciclotizolam,434
1,C1=C(C(=C(C=C1\C=C\C(N2CCCCCCC2)=O)OC)OC)OC,cinoctramide,513
1,C1=C(Cl)C=CC2=C1C(=NC(O)C(N2CCC#N)=O)C3=CC=CC=C3F,cinolazepam,434
1,C1=C(C#N)C=CC3=C1C4=C(C2=C(C=CC=C2)S3)CCN(CC4)C,citatepine,471
1,C1=C(Cl)C=CC3=C1\C(C2=C(C=CC=C2)S3)=C/CCN4CCN(CCO)CC4,clopenthixol/zuclopenthixol,471
1,C1=C(CC)SC2=C1C(=NCC(N2C)=O)C3=CC=CC=C3Cl,clotiazepam,434
1,CNC(=O)CCN1CCN(CCC=C2c3ccccc3Sc3ccc(cc23)Cl)CC1,clotixamide(clotixamide),471
1,C1=CC=CC2=C1C(C3=C(CC2)C=CC=C3)=CC(CN(C)C)=O,cotriptyline,471
1,CC2(CC(OC(C1NC(=O)CC1)=O)CC(C2)C)C,crilvastatin,631
1,C(C(N(C(\C=C\C)=O)CC)C(N(C)C)=O)C,crotetamide,8
1,C1=CC=CC=C1NC(OCC3(COC(NC2=CC=CC=C2)=O)CCCC3)=O,cyclarbamate,214
1,C1=CC=CC2=C1C(C3=C(C=C2)C=CC=C3)=CCCN(C)C,cyclobenzaprine,471
1,C1=CC=CC3=C1N(C2=C(C=CC=C2)S3)C(CN(C)C)=O,dacemazine,471
1,C1=C(C(N)=O)C=C(C(=C1OC)OCCCCCCCCCC)OC,decimemide,641
1,C3=C(C1=C2C(=NC(=O)CN1O)C=CC(=C2)Cl)C=CC=C3,demoxepam,244
1,[C@@H]3(C1=CC=CC=C1)CN2CCSC2=N3,dexamisole,742
1,C3=C(C1N2C(=NC1)NCC2)C=CC=C3,deximafen(imafen),185
1,[C@@H]1(NCCCC1)[C@@H]2OC(OC2)(C3=CC=CC=C3)C4=CC=CC=C4,dexoxadrol(dioxadrolandlevoxadrol),399
1,C1=C(Cl)C=C(C(=C1C(NCCN(CC)CC)=O)OC)Cl,diclometide,588
1,C1=CC=CC3=C1N(C2=C(C=CC=C2)S3)CC4(CN(C)CC4)C,dimelazine,479
1,C(C1(OC(COC(N)=O)CO1)C)CCCCCCCC,dioxamate,722
1,C1=CC=CC2=C1C3(C4=C(CC2N3)C=CC=C4)C,dizocilpine(MK-801),768
1,C1=C(C(F)(F)F)C=CC3=C1N(C2=C(C=CC=C2)S3)CCCN5CCC(C(C4=CC=C(F)C=C4)=O)CC5,duoperone,471
1,C(N1C(CCC1)=O)C(NNC(CN2C(CCC2)=O)=O)=O,dupracetam,566
1,C2=C(N1N=C(C)CC1=O)C=CC=C2,edaravone,499
1,C1=CC(=CC3=C1\C(C2=CC=CC=C2N3)=C/CN(CC)CC)Cl,elanzepine,639
1,C1=C(Cl)C=CC2=C1C(=NCC(N2CC[S](CC)(=O)=O)=O)C3=CC=CC=C3F,elfazepam,434
1,C1=C(C2=C(C=C1)C=CO2)N5CCN(CC3=CC=C([NH]3)C4=CC=C(C=C4)F)CC5,elopiprazole,661
1,C1=C(C=CC=C1C(CNC(CCCO)=O)(CC)CC)OC,embutramide,771
1,C1=CC=CC=C1CN(C2CC2)C(OCC)=O,encyprate,612
1,C3=C(C2=CC=C(N1CCC(O)CC1)N=N2)C(=CC(=C3)Cl)Cl,endixaprine,284
1,C1=CC=CC3=C1C4=C(C2=C(C=CC=C2)N3C)CCN(CC4)C,erizepine,471
1,C1=CC=CC2=C1C(C3=C(N(C)C2=O)C=CC=C3)OCC,etazepine,663
1,C=C,ethyl-loflazepate,873
1,C(C1(C(C(=CNC1=O)C)=O)CC)C,ethypicone,413
1,C2=C(C1(CCCCC1)NCC)C=CC=C2,eticyclidine,230
1,C(C(N1C(CCC1)=O)C(N)=O)C,etiracetam(levetiracetam),569
1,[C@@H]34C1=CC=CC2=C1C(=C[NH]2)C[C@H]3N(C[C@H](C4)N[S](N(CC)CC)(=O)=O)C,etisulergine,148
1,C3=C(C2(OC(C1CCCCN1)CO2)CC)C=CC=C3,etoxadrol,399
1,C1=C(C(COC(N)=O)COC(N)=O)C=CC=C1,felbamate,590
1,C3=C(C2C(COC1=CC=C(OC)C=C1)CN(C)CC2)C=CC=C3,femoxetine,262
1,C2=C(\C(NCCCC)=C\1C=C(Cl)C=CC1=O)C(=CC=C2)Cl,fengabine,135
1,C2=C(C1(C(C(=O)NC1=O)CC)C)C=CC=C2,fenimide,426
1,C1=C(C(=CC=C1OCC2=NCCN2)Cl)Cl,fenmetozole,96
1,C1=CC=CC=C1C2C(NC(=O)CO2)C,fenmetramide,330
1,C1=C(C=CC=C1NC(NC2=NC(=O)CN2C)=O)Cl,fenobam,696
1,C1=CC=CC=C1C2C(N=C(O2)NCC)=O,fenozolone,160
1,C1=CC(=CC=C1C(CC(C)(C)O)(C)O)Cl,fenpentadiol,367
1,C1=C(C(F)(F)F)C=CC3=C1N(C2=C(C=CC=C2)S3)C(CCN(CC)CC)=O,fluacizine,471
1,C1=C(F)C=CC2=C1NC(=C3C(=N2)SC(=C3)C)N4CCN(CC4)C,flumezapine,441
1,C1=C(C(F)(F)F)C=CC3=C1N(C2=C(C=CC=C2)S3)CCCN4CCN(CCOC(CCCCCC)=O)CC4,fluphenazine-enanthate,471
1,C1=CC=CC3=C1N(CCCN2CCC(OCCO)CC2)C4=C(S3)C=CC(=C4)C(F)(F)F,flupimazine,471
1,C1=C(C=CC=C1N2CCN(CCNC(N)=O)CC2)C(F)(F)F,fluprazine,343
1,CN2C(=O)C(O)N=C(c1ccccc1F)c3cc(Cl)ccc23,flutemazepam,434
1,C1=C(C(F)(F)F)C=CC3=C1N(C2=C(SC=C2)S3)CCCN4CCN(CCO)CC4,flutizenol,471
1,C1=C(C(OCC)=O)[N](C=N1)C(C)C2=CC=C(C=C2)F,flutomidate,524
1,C1=CC(=CC2=C1[N](C4=C2CN(CCCC(C3=CC=C(C=C3)F)O)CC4)C5=CC=C(F)C=C5)F,flutroline,505
1,[C@H](NC(C3=CC=C(NCC1=NC2=C(N=C1)NC(=NC2=O)N)C=C3)=O)(CCC(O)=O)C(O)=O,folic-acid,86
1,C1=CC(=CC2=C1N(C(CN=C2C3=CC=CC=C3)=O)C[P](C)(C)=O)Cl,fosazepam,434
1,C1=CC=CC=C1[P](C2=CC=CC=C2)(CC(NN)=O)=O,fosenazide,651
1,C1=C(C(F)(F)F)C=CC3=C1N(C2=C(C=CC=C2)S3)C(CCN4CCN(C)CC4)=O,ftormetazine,471
1,C1=C(C(F)(F)F)C=CC3=C1N(C2=C(C=CC=C2)S3)C(CCN4CCN(CCO)CC4)=O,ftorpropazine,471
1,C1=C(Cl)C=CC3=C1N(C2=C(C=CC=C2)S3)CCCN5CCC(C4C(OCC4)=O)(O)CC5,furomazine,471
1,C1=NC(=NC(=C1CN(C(=C(SSCC2CCCO2)\CCO)/C)C=O)N)C,fursultiamine,55
1,C3=C2N(C1=CC=CC=C1C=CC2=CC=C3)CCCN4C=CN(CC=C4)CCO,homopipramol,471
1,C1=C(Cl)C=CC2=C1C(=NCC(N2CCOCC3CC3)=O)C4=CC=CC=C4,iclazepam,434
1,C1=C3C(=CC=C1\C=C\C(N2CCCCC2)=O)OCO3,ilepcimide,514
1,C1=C(Cl)C=CC3=C1N(C2=C(C=CC=C2)S3)CCCN5CCN(CCN4C(N(C)CC4)=O)CC5,imiclopazine,471
1,C2=C(N1C(N(CCN(C)C)CC1)=O)C=CC=C2Cl,imidoline,408
1,C1=CC=CC2=C1N(C3=C(CC2)C=CC=C3)CCC[N+](C)(C)[O-],imipraminoxide,471
1,C1=CC=CC3=C1C(C2=CC=CC=C2)(C=C3)CCN(C)C,indriline,652
1,C1=C(C)ON=C1C(NNCC2=CC=CC=C2)=O,isocarboxazid,350
1,C1=C(Cl)C=CC2=C1C3(N(CC(=O)N2C)C(C=C(O3)C)=O)C4=CC=CC=C4,ketazolam,621
1,C1=CC=NC(=N1)N3CCN(CCCC[N]2C=C(Cl)C=N2)CC3,lesopitron,395
1,[C@@H]14C(=C[C@H](NC(N(CC)CC)=O)CN1C)C2=CC=CC3=C2C(=C[NH]3)C4,lisuride,148
1,C1=CC=CC3=C1C(C2=C(C=CC=C2)C3(C)C)=CCCNC,litracen,471
1,[C@]3(N(C1=CC=CC=C1)C(=O)CC)(C(=O)OC)[C@H](CN(CCC2=CC=CC=C2)CC3)C,lofentanil,444
1,[H+].C1=CC=CC2=C1N(C3=C(CC2)C=CC=C3)CCCN(CC(=O)C4=CC=C(Cl)C=C4)C.[Cl-],lofepramine,471
1,C3=C(C1=NC(C(=O)NC2=C1N=C(Cl)C=C2)O)C(=CC=C3)Cl,lopirazepam,434
1,C1=C(Cl)C=CC2=C1C(=NC(O)C(N2C)=O)C3=CC=CC=C3Cl,lormetazepam,434
1,C2=C(C(C1C(=CC(O1)=O)OC)O)C(=CC=C2)Cl,losigamone,831
1,C1=C(Cl)C=CC2=C1C(=NC3=C(O2)C=CC=C3)N4CCN(CC4)C,loxapine,471
1,[C@H]2(N=C(C1=C(C=CC(=C1)[N+](=O)[O-])NC2=O)C3=CC=CC=C3Cl)C,meclonazepam,434
1,C1=CC=CC3=C1C(C2=C(C=CC=C2)C3(C)C)=CCCN(C)C,melitracen,471
1,CC12CC3(CC(C1)(CC(C2)C3)N)C,memantine,19
1,C1=C(OC)C=CC3=C1C(C2=C(C=CC=C2)S3)(CCCN(C)C)O,meprotixol,471
1,[C@@H]34C1=CC=CC2=C1C(=C[N]2C)C[C@H]3N(C[C@H](C4)N[S](N(C)C)(=O)=O)C,mesulergine,148
1,C1=C(C(C(C)(C)O)(C)O)C=CC=C1Cl,metaglycodol,367
1,C2=C(N(CC1=CC=CS1)CCN(C)C)N=CC=C2,methapyrilene,403
1,C1=C(C)C=CC3=C1C(=NC2=C(C=CC=C2)S3)N4CCN(C)CC4,metiapine,471
1,C1=C(Cl)C=CC3=C1N(C2=C(C=CC=C2)S3)CCCN5CCN(CCOC(C4=CC(=C(OC)C(=C4)OC)OC)=O)CC5,metofenazate,471
1,C1=C([S](C)(=O)=O)C=CC3=C1N(C2=C(C=CC=C2)S3)CCCN4CCC(C(N)=O)CC4,metopimazine,471
1,C5=C4C3=C(C2N(CC1CC(OC)C(C(C1C2)C(OC)=O)OC)CC3)[NH]C4=CC(=C5)OC,metoserpate,154
1,C1=C(OC)C=CC3=C1C(=CC2=C(C=CC=C2)O3)N4CCN(C)CC4,metoxepin,494
1,[C@@H]23[C@@H](CC[C@@H]1C[C@H](CC(O1)=O)O)[C@H](C=CC2=CCC[C@@H]3OC([C@H](CC)C)=O)C,mevastatin,25
1,C1=C(C(=NN=C1C2=CC=CC=C2)NCCN3CCOCC3)C,minaprine,216
1,[C@@H]23[C@H]([C@H]1[C@]([C@@H](C(C)=O)CC1)(C)C[C@H]2N(C)C)CC[C@@H]4[C@@]3(C[C@H](OCC)[C@H](C4)O)C,minaxolone,279
1,C1=CC=CC3=C1N(C2=C(C=CC=C2)C3(C)C)CCCNC,monometacrine,471
1,C3=C(C2(C(N(CN1CCOCC1)C(C2)=O)=O)C)C=CC=C3,morsuximide,404
1,C1=C([N+](=O)[O-])C=CC2=C1C(=NCC(N2COC)=O)C3=CC=CC=C3,motrazepam,434
1,[C@@H]13C=C[C@@H]([C@@]2([C@H]1[C@H](OC2=O)OC(NC)=O)C)C3,moxadolen,838
1,C1=C(C(C(CCCCC)C)C)C=C(C2=C1OC(C3=C2CC(C)CC3)(C)C)OC(CCCN4CCCCCC4)=O,nabazenil,770
1,[C@H]23C1=C(C=C(C(CCCCCC)(C)C)C=C1O)OC([C@@H]2CCC(C3)=O)(C)C,nabilone,24
1,C1=C(C=CC2=C1C=CC=C2)CC([NH2+]C)=NC.[Cl-],napactadine,125
1,C1=C2C(=CC=C1)CCC(=C2)CC3=NCNC3,napamezole,843
1,C1=CC=C(C(=C1C)NC(CN2C(CCC2)=O)=O)C,nefiracetam,566
1,C1=CN=CC=C1C(NNCCC(NCC2=CC=CC=C2)=O)=O,nialamide,522
1,C1=CC(=CC=C1N3CCN(CCC(NC(C2=CC=CN=C2)=O)C)CC3)F,niaprazine,637
1,C1=CC=NC=C1C(N2CCOCC2)=O,nicopholine,518
1,C1=C([N+]([O-])=O)C=CC2=C1C(=NCC(=O)N2C)C3=CC=CC=C3,nimetazepam,434
1,C1=CC=C(C3=C1C(C2=CC=CC=C2)CN(C)C3)N,nomifensine,260
1,C1=C[NH]C2=C1C(=NC=N2)NCCCCCCCCC,nonapyrimine,811
1,C(C(F)(F)F)F,norflurane,98
1,C1=C(Cl)C=CC2=C1C(=NCC(=O)N2)C3=CCCCC3,nortetrazepam,434
1,CNCCC=C3c1ccccc1C2CC2c4ccccc34,octriptyline,471
1,[C@H]2([C@H](CN(CC(C1=CC=C(F)C=C1)=O)CC2)COC4=CC3=C(OCO3)C=C4)C5=CC=C(F)C=C5,omiloxetine,255
1,C1=CC=CC=C1C[N+](C(CC2=CC=CC=C2)C)(C)[O-],oxifentorex,553
1,C1=C(O)C=CC2=C1C(=C[NH]2)CC(C(O)=O)N,oxitriptan,525
1,CC1OC(C)OC(O1)C,paraldehyde,3
1,[C@@H]3([C@H](COC1=CC=C2C(=C1)OCO2)CNCC3)C4=CC=C(C=C4)F,paroxetine,255
1,C(C1(COC(C(Cl)(Cl)Cl)OC1)CO)O,penthrichloral,5
1,CN1CCN(CC1)C3=Nc2ccccc2Sc4nccn34,pentiapine,482
1,C1=C(Cl)C=CC3=C1N(C2=C(C=CC=C2)S3)CCCN4CCN(CCO)CC4,perphenazine,471
1,C1=CC=CC=C1CC(NC(N)=O)=O,phenacemide,583
1,C2=C(C1C(C)NCCO1)C=CC=C2,phenmetrazine,330
1,C1(=CC=CC=C1)OC2=CC=CC=C2C(=O)[O-],phenyl-salicylate,379
1,C1=C(C(C)=O)C=CC3=C1N(C2=C(C=CC=C2)S3)CCCN4CCC(CCO)CC4,piperacetazine,471
1,C1=C([S](N(C)C)(=O)=O)C=CC3=C1N(C2=C(C=CC=C2)S3)CCCN4CCC(CCOC(CCCCCCCCCCCCCCC)=O)CC4,pipotiazine-palmitate,471
1,C(N1C(CCC1)=O)C(N)=O,piracetam,566
1,C1=CC=CC(=C1N2C(=NC3=C(C2=O)C=CC=C3)\C=C\C4=NC=CC=C4)C,piriqualone,134
1,C1=C(Cl)C=CC2=C1C(=NC(C(=O)N2)OC(C(C)(C)C)=O)C3=CC=CC=C3,pivoxazepam,434
1,C(N1C(CCC1)=O)C(NCCN(C(C)C)C(C)C)=O,pramiracetam,566
1,C1=C(Cl)C=CC2=C1C(=NCC(N2CC(CO)O)=O)C3=CC=CC=C3F,proflazepam,434
1,C2=C(\C(NCCCC(=O)N)=C/1C=C(F)C=CC1=O)C=CC(=C2)Cl,progabide,136
1,[CH2-][CH-]C,propanidid,864
1,C1=CC=CC2=C1N(C(C3=C(N2)N=CC=C3)=O)CC(N(C)C)C,propizepine,501
1,C1=CC=CC3=C1C(C2=C(C=CC=C2)S3)=CCCN(C)C,prothixene,471
1,C1=CC=C(C2=C1[NH]C=C2CCN(C)C)O[P](O)(O)=O,psilocybine,527
1,C2=C(C1=CC=NC=C1)OC3=C2C=CC=C3,pyridarone,128
1,C1=CC=CC3=C1C(=NC2=CC=CC=C2S3)N4CCN(CCOCCO)CC4,quetiapine,471
1,C1=CC=C(C2=C1CC3C(C2)CC(N[S](N(CC)CC)(=O)=O)CN3CCC)O,quinagolide,149
1,C1=CC=CC=C1CC2(C3(C(C)(C)C(C2)CC3)C)OCCN(C)C,ramciclane,714
1,C1=CC=CC=C1C(CC2=CC=CC=C2)(NC(CN)=O)C,remacemide,634
1,C1=CC=CC=C1N(C2(CCN(CCC(OC)=O)CC2)C(OC)=O)C(CC)=O,remifentanil,444
1,C1=CC(=CC(=C1NC(OCC)=O)N)NCC2=CC=C(C=C2)F,retigabine,187
1,C3=C(C2C(NC(=O)C1NC(CC1)=O)C2)C=CC=C3,rolicyprine,287
1,[C@@H]25C(=C[C@@H](CN1CC(NC(C1)=O)=O)CN2C)C3=CC=CC4=C3C(=C[NH]4)C5,romergoline,148
1,CON=C(C#N)C1CN2CCC1CC2,sabcomeline,812
1,C1=CC=CC=C1C2(C(N(CC)C)=O)CCN(CCCCCC)CC2,sameridine,446
1,N#Cc5ccc4Oc1ccccc1C2=C(CCN(CC2)CC3CCCC3)c4c5,savoxepin,497
1,C1=CC=CC3=C1C4=C(C2=C(C=CC=C2)C3)CN(C)CC4,setiptiline,471
1,C1=CC=NC2=C1C(C3=C2N=CC=C3)(CC4=CC=NC=C4)CC5=CN=CC=C5.O,sibopirdine,610
1,C1=CC(=CC=C1C2(C(CC(C)C)N(C)C)CCC2)Cl,sibutramine,269
1,C1=CC=CC(=C1N2CCN(C)CC2)CC3=CC=CC=C3,sifaprazine,253
1,[C@H]12[C@@H](OC(C(CC)(C)C)=O)C[C@@H](C)C=C1C=C[C@@H]([C@@H]2CC[C@@H]3C[C@H](CC(O3)=O)O)C,simvastatin,25
1,[C@]24(C[C@@H]([C@@H](N(C(CC1=CC(=C(Cl)C=C1)Cl)=O)C)CC2)N3CCCC3)CCCO4,spiradoline,347
1,O=C3C1C(C2CCC1C2)C(=O)N3C4C(NC(=O)CC4)=O,taglutimide(biglumide),250
1,CN(C)CCCN2c1ccccc1C(=Nc3cccnc23)c4ccccc4,tampramine,471
1,C1=C(C(F)(F)F)C=CC3=C1C(C2=C(C=C(F)C=C2)S3)CCCN4CCN(CCO)CC4,teflutixol,471
1,C2=C(C1C(NCCN1)=O)SC=C2,tenilsetam,796
1,C3=C(C1=CCN(CCC)CC1)C2=CC(=CC=C2[NH]3)Cl,tepirindole,611
1,[C@@H]34C1=CC=CC2=C1C(=C[NH]2)C[C@H]3N(C[C@H](C4)NC(N(CC)CC)=O)C,terguride,148
1,C1=C(OC)C(=CC3=C1C2N(CC(CC(C)C)C(C2)=O)CC3)OC,tetrabenazine(tetrabenzine),257
1,C1=CC=CC3=C1C(N(C2C(NC(=O)CC2)=O)C3=O)=O,thalidomide,250
1,C(C2(C1CCCC=C1)C(NC(=S)NC2=O)=O)C=C,thialbarbital,671
1,C1=C(Cl)C=CC3=C1N(C2=C(C=CC=C2)S3)CCCN4CCN(CCOC(C)=O)CC4,thiopropazate,471
1,C1=CC=CC2=C1N(C3=C(S2)C=CC(=C3)[S](N(C)C)(=O)=O)CCCN4CCN(CC4)C,thioproperazine,471
1,C1=CC=CC=C1C2OC(=NC2=O)N(C)C,thozalinone(tozalinone),160
1,[C@@H]3(CN(CCC=C(C1=C(C=CS1)C)C2=C(C=CS2)C)CCC3)C(O)=O,tiagabine,748
1,C1=C4C(=C2C(=C1)SC=C2C)C3=C(CCN(C3)C)[NH]4,tienocarbine,166
1,C2=C(OCC1OC(NCC1)=S)C=CC=C2,tifemoxone,672
1,C1=C(F)C=CC2=C1N4C(CN=C2C3=CC=CS3)CN(C)CC4,timelotem,669
1,C2=C(N1C(SCC1)=N)C(=CC(=C2)Cl)N,timirdine,774
1,C5=C2C1=C([NH]C=C1CC4C2=CC(CSC3=NC=CC=C3)CN4C)C=C5,tiomergine,148
1,C1=CC=CC=C1CC(C)NCCC3C2=C(C=CC=C2)SC4=C3C=CC=C4,tixadil,554
1,C2=C(C(C1=CC=CC=C1)OCCNC)C(=CC=C2)C,tofenacin,578
1,C1=C(OC)C(=CC2=C1C(=NN=C(C2CC)C)C3=CC=C(C(=C3)OC)OC)OC,tofisopam,219
1,C1=C(Cl)C=CC2=C1C(=NCC(N2CC[S](C3=CC=C(C)C=C3)(=O)=O)=O)C4=CC=CC=C4Cl,tolufazepam,434
1,C1=N[N](C2=C1C(=C(C(=N2)C)C(OCC)=O)NCCCC)CC,tracazolate,54
1,[H+].C4=C(C2(N(C1=C(F)C=CC=C1)C(=O)CC)CCN(CC2)CCN3N=NN(C3=O)CC)C=CC=C4.[Cl-],trefentanil,444
1,C3=C(C2(C1=CC=CC=C1)C(N(C(C(Cl)(Cl)Cl)O)CN2)=O)C=CC=C3,triclodazol,617
1,C1=C3C(=C(C(=C1)CNC2=CC(=C(C(=C2)OC)OC)OC)C)C(=NC(=N3)N)N,trimetrexate,352
1,C2=C(C(N1CCCCCCC1)=O)C=C(OC)C(=C2OC)OC,trocimine,513
1,N[C@@H](CC1=C[NH]C2=CC=CC=C12)C(=O)O,tryptophan(l-tryptophan),525
1,NC(=O)OCC,urethane,574
1,C(C(C(N)=O)(CCC)CCC)CC,valdipromide,573
1,C(C(C(OCOC(C(C)(C)C)=O)=O)CCC)CC,valproatepivoxil,366
1,C1=C(C(F)(F)F)C=CC=C1C2=CCN(CC2)CCC4=CC3=CC=CC=C3C=C4,xaliproden,664
1,OCCCN4CCN(CCCC2c1ccccc1Sc3ccc(Cl)cc23)CC4,xanthiol,471
1,C1=C(C(=C(C=C1)C)NC2=NCCCS2)C,xylazine,769
1,C1=CC(=CC=C1CNC(C(C)C)CCCCCC(O)=O)F,zafuleptine,188
1,C1=C(C=CC=C1N3C(N(CCN2CC(C)(C)C2)CC3)=O)Cl,zetidoline,408
1,C1=CC=CC(=C1C2=NCC(N(C3=C2C(=N[N]3C)C)C)=O)F,zolazepam,434
1,C1=C(Cl)C=CC2=C1C(=NO2)C([N]3C=CN=C3)C,zoniclezole,760
1,C1=CC2=C(C=C1)SC3=C(N2CC(C)N(C)C)C=C(C=C3)C(=O)C,aceprometazine,471
1,C1=CC(=CC3=C1[N]2C(=NN=C2CN(C)C)CN=C3C4=CC=CC=C4)Cl,adinazolam,434
1,C(N1C(C(CC(C)C)NC1=S)=O)C=C,albutoin,133
1,C1=C(CC(CC=C)N)C=CC=C1,aletamine(alfetamine),551
1,C1=CC=CC3=C1N(C2=C(C=CC=C2)S3)CC(CN(C)C)C,alimemazine,471
1,C1=C(OC)C(=CC2=C1C(=C(C(OCC)=O)[NH]2)CCN4CCN(C3=CC=CC=C3)CC4)OC,alpertine,468
1,C1=CC(=NC2=C1C(C(=CN2CC)C(O)=O)=O)CC3=CC=CC=C3,amfonelic-acid,138
1,C1=CC=CC3=C1N(C2=C(C=CC=C2)S3)CC(CN(C)C)N(C)C,aminopromazine,471
1,C1=C(Cl)C=CC2=C1C(=NC3=C(O2)C=CC=C3)N4CCNCC4,amoxapine,471
1,C2=C(OCC1=NN=C(S1)C(C)C)C=CC3=C2OC(=O)C(=C3C)C,atibeprone,74
1,C1=CC=CC=C1C(C(OC2CC3N(C)C(C2)CC3)=O)CO,atropine(hyoscyamine),430
1,C1=C(C(=NN=C1C2=CC=CC=C2)NCCN3CCOCC3)C#N,bazinaprine,216
1,[C@@H]24[C@@](C1=CC=CC=C1OC3=C(C=CC=C23)C)(CCN(C4)C)O,beloxepin,177
1,C2=C(C(NNC(C1=CC=CC=C1)=O)C)C=CC=C2,benmoxin,545
1,C2=C(C(CC(N(C)C)C)(C(CC)O)C1=CC=CC=C1)C=CC=C2,betamethadol,544
1,[H+].C2=C(CC1=CC=CC=C1)C(=CC=C2)OCCCCNC.[Cl-],bifemelane,626
1,C2=C(C1=C(C=CC=C1)[N]2N(CCN(C)C)C)C3=CC=CC=C3,binedaline,406
1,[C@@H]3(N(C1=C(C=CC=C1)F)C(COC)=O)[C@@H](CN(CCN2C(N(CC)N=N2)=O)CC3)C,brifentanil,444
1,C2=C(C1CCNCC1)OC3=C2C=C(OC)C=C3Br,brofaromine,766
1,C1=CC(=CC=C1NCCC(N(C)C)=O)Br,bromamid,751
1,C2=C(C(OCCN(C)C)C1=CC=CC=C1)C=CC(=C2)Br,bromodiphenhydramine(bromazine),578
1,C1=C(Br)C(=CC(=C1C(NCCN(CC)CC)=O)OC)N,bromopride,588
1,C1=CC=CC=C1C3(C2=CC=CC=C2)CCN(C(C)(C)C)CC3,budipine,231
1,C2=C(C(C1=CC=CC=C1)OCCN(C)C)C(=CC=C2)C(C)(C)C,bufenadrine,578
1,C1=CC=CC3=C1C(C2=CC=CC=C2CC3)CC(CN(C)C)C,butriptyline,471
1,C1=CC=CC=C1C(NNC(OCC)=O)C,carbenzide,545
1,C1=CC=CC=C1N(C3(CCN(CCC2=CC=CC=C2)CC3)C(OC)=O)C(CC)=O,carfentanil,444
1,[H+].C1=C(CC(N(C)C)(CO)C)C=CC(=C1Cl)Cl.[Cl-],cericlamine,704
1,[C@@H]36C2=C(C1=CC(=CC=C1[NH]2)Cl)CCN3C[C@H]5C[C@@H](OC(C4=CC(=C(C(=C4)OC)OC)OC)=O)[C@@H]([C@H]([C@H]5C6)C(OC)=O)OC,chloroserpidine,154
1,C1=CC(=CC=C1OCC(COC(N)=O)O)Cl,chlorphenesin-carbamate,593
1,C2=C(C(C1=CC=CC=C1)(OCCN(C)C)C)C=CC(=C2)Cl,chlorphenoxamine,598
1,C1=C2C(=CC=C1)OC(CCCl)NC2=O,chlorthenoxazine,749
1,C1=C(C#N)C=CC3=C1N(C2=C(C=CC=C2)CC3)CCCN(C)C,cianopramine,471
1,C1=CC=CC2=C1C(C3=NCCCN23)(C4=CC=CC(=C4)Cl)O,ciclazindol,176
1,C4=C2C1=C(CCC3=C(N1CCC2NC)C=CC=C3)C=C4,ciclopramine,325
1,CN(C)CCC=C2c1ccccc1COc3ccccc23,cidoxepin,471
1,C1=CC=CC=C1C(C2=CC=CC=C2)OCCN(C\C=C\C3=CC=CC=C3)C,cinfenine,578
1,C1=C(C(=CC(=C1[N+](=O)[O-])N)OCC)C(NC3CCN(CC2CCC=CC2)CC3)=O,cinitapride,338
1,C1=C(C=CC=C1Br)\C=C\C(NCC)=O,cinromide,786
1,C1=C(C(=C(C=C1\C=C\C(N)=O)OC)OC)OC,cintriamide(cintramide),513
1,C1=C(Cl)C=CC4=C1C3C2=CC=CC=C2CCN3CC(=O)N4C,clazolam,456
1,C1=CC(=CC3=C1[N]2C(=CN=C2C)CN=C3C4=CC=CC=C4Cl)Cl,climazolam,434
1,C1=C(Cl)C=CC3=C1C(C2=C(C=CC=C2)N3)CCCN(C)C,clomacran,412
1,CN1CCC(CC1)=C3c2ccccc2Oc4ccc(Cl)cc34,clopipazan,471
1,C1=C(Cl)C=CC2=C1C(=NC3=C(S2)C=CC=C3)N4CCN(CC4)C,clothiapine(clotiapine),471
1,C1=C(Cl)C=NC2=C1SC4=C(N2CCCN3CCN(CCO)CC3)C=CC=C4,cloxypendyl,471
1,C(C(N(C(\C=C\C)=O)CCC)C(N(C)C)=O)C,cropropamide,8
1,C1=C(C#N)C=CC3=C1N(C2=C(C=CC=C2)S3)CC(CN(C)C)C,cyamemazine,471
1,C3=C(C1OC(=NC1=O)NC2CC2)C=CC=C3,cyclazodone,160
1,C4=C(C2=C3C(=NC(=NCC1CC1)CN2O)C=CC(=C3)Cl)C=CC=C4,cyprazepam,244
1,C1=CC=CC3=C1SC2=C(C=CC=C2)C=C3CN(C)C,damotepine,483
1,C1=CC=CC3=C1C(C2=C(C=CC=C2)C3O)=C4CCN(C)CC4,danitracen,471
1,[C@](OC(=O)CC)([C@@H](CN(C)C)C)(CC1=CC=CC=C1)C2=CC=CC=C2.[H+].[Cl-],darvon(dextropropoxypheneandlevopropoxyphene),544
1,[C@@H]34CC1=C[NH]C2=CC=CC(=C12)C3C[C@@H](CN4C)CC#N,delergotrile,148
1,C1=C(Cl)C=CC2=C1C(=NCC(N2)=O)C3=CC=CC=C3Cl,delorazepam,434
1,C1=CC(=CC=C1C(C[N]2C=CN=C2)O)CCC3=CC=CC=C3,denzimol,130
1,C1=CC=CC2=C1N(C3=C(C=C2)C=CC=C3)CCCN(C)C,depramine,471
1,O(C(C(F)(F)F)F)C(F)F,desflurane,78
1,C1=CC=CC2=C1N(C(C3=C(N2C)C=CC=C3)=O)CCN(C)C,dibenzepin,485
1,C1=C(C)C=CC3=C1C2C(CCN(C2)C)N3,dicarbine,691
1,C1=CC(=CC3=C1C(C2=CC(=C(Cl)C=C2)Cl)CN(C)C3)OC,diclofensine,644
1,C1=CC=CC3=C1N(C2=C(C=CC=C2)S3)CCN(CC)CC,diethazine,471
1,C3=CC1=C(C(/C2=C(O1)C=CC=C2)=C/CCN(C)C)C=C3OC,dimeprozan,471
1,C1=CC=CC3=C1N(C2=C(C=CC=C2)C3(C)C)CCCN(C)C,dimetacrine,471
1,C1=CC=CC2=C1C(C(N2CC(N)=O)=O)C3=CC=CC=C3,doliracetam,392
1,[H+].C3=C2\C(C1=CC=CC=C1SCC2=CC=C3)=C\CCN(C)C.[Cl-],dosulepin,471
1,C1=C(Cl)C=CC2=C1C(=NC(O)C(N2CCO)=O)C3=CC=CC=C3F,doxefazepam,434
1,C1=CC=CC2=C1N(CC3=C(C2=C)C=CC=C3)CCCN(C)C,enprazepine,471
1,C1=C(O)C=CC3=C1C2(CC(CN(CC2)C)C3)C,eptazocine,300
1,C1=C(Cl)C=CC2=C1C(=NC(C(=O)N2)C(OCC)=O)C3=CC=CC=C3F,ethyl-chloride,434
1,C1=C(SC2=C1C(=NCC3=NN=C([N]23)C)C4=CC=CC=C4Cl)CC,etizolam,434
1,C2=NC1=C(CC(NC)CC1)S2,etrabamine,11
1,C1=CC=CC2=C1C(=C[NH]2)CC(CC)N,etryptamine,525
1,O=C2\C(=C1\OC=NN1)C=CC=C2,fenadiazole,869
1,C1=C(C(=N[N]1CCCN(C)C)C2=CC=CC=C2)C3=CC=CC=C3,fezolamine,407
1,C1=C(Cl)C=CC2=C1C(=NCCN2CC(F)(F)F)C3=CC=CC=C3F,fletazepam,434
1,C1=C(Cl)C=CC2=C1C(=NCC(=O)N2C)C3=CC=CC=C3F,fludiazepam,434
1,C1=CC=CC3=C1C(=NC2=C(C=CC(=C2)F)C3)N4CCN(C)CC4,fluperlapine,471
1,C1=C(Cl)C=CC2=C1C(=NCC(N2CC3CC3)=O)C4=CC=CC=C4F,flutoprazepam,434
1,C2=C(C(C1CCCCC1)CCN(C)C)C=CC=C2,gamfexine,602
1,NC(=N)NCCCOc1ccccc1,guanoxyfen,341
1,C1=C(Cl)C=CC2=C1C(=NCC(=O)N2CC(F)(F)F)C3=CC=CC=C3,halazepam,434
1,C1=C(C(F)(F)F)C=CC3=C1N(C2=C(C=CC=C2)S3)CCCN4CCN(CCO)CCC4,homofenazine(homophenazine),471
1,CN(C)CC#CC=C2c1ccccc1C=Cc3ccccc23,intriptyline,471
1,C1=CC=CC=C1C(C2=CC=CC=C2)(C(CN(C)C)C)C(CC)=O,isomethadone,544
1,C1=CC=CC3=C1N(C2=C(C=CC=C2)S3)CC(N(CC)CC)C,isothamine(profenamine),471
1,C1=CC=CC2=C1N(C3=C(CC2=O)C=CC=C3)CCCN(C)C,ketipramine(ketimipramine),471
1,[C@H](CC1=CC(=C(C=C1)O)O)(C(O)=O)N,levodopa,530
1,[C@H](CN1C3=C(SC2=C1C=CC=C2)C=CC(=C3)OC)(CN(C)C)C,levomepromazine,471
1,[C@H]5(CN(C(C3=C2C1=CC(=CC=C1CCN2C(=O)C(=C3)C4=CC=CC=C4)Cl)=O)CC5)OCC,lirequinil,700
1,C3=C(C(CC2N(C(CC(C1=CC=CC=C1)=O)CCC2)C)O)C=CC=C3,lobeline,640
1,C1=CC(=NN=C1C2=C(Cl)C=CC=C2)N3CCC(O)CC3,lodaxaprine,284
1,C3=C(N2CCN(C\C=C\C1=CC=CC=C1)CC2)N=NC(=C3)Cl,lorcinadol,285
1,C1=CC(=CC(=C1\C(=C\[N]2C=NC=N2)Cl)Cl)Cl,loreclezole,788
1,[C@@H]1([C@H]3[C@@H](CC2=C1C=C(Cl)C=C2)CN(C3)C)C4=CC=CC=C4,losindole,490
1,C1=CC=CC3=C1C4=C(C2=C(C=CC=C2)O3)CCN(CC4)C,maroxepin,471
1,C3=C(CN2CCN(C1=C(OC(C)C)C=CC=C1)CC2)C=CC=C3C(=O)N4CCCCC4.C(C(=O)O)CC(=O)O,mazapertine,340
1,C1=C([N+](=O)[O-])C=CC2=C1C(=NCC(N2C)=O)C3=CCCCC3,menitrazepam,434
1,C1=C(Br)C=CC2=C1C(=NCC(N2C)COC)C3=CC=CC=C3Cl,metaclazepam,319
1,C1=CC=CC(=C1)C(=O)C(C)N(C)C,metamfepramone,528
1,C1=CC=CC=C1C(C2=CC=CC=C2)(C(CC)=O)CC(N(C)C)C,methadone(levomethadone),544
1,C1=C(SC)C=CC3=C1N(C2=C(C=CC=C2)S3)CC(CN(C)C)C,methiomeprazine(levometiomeprazine),471
1,C2=C(C1(C(N(C)C(C1)=O)=O)C)C=CC=C2,methsuximide(mesuximide),404
1,C1=NC=C([N]1C(C2=CC=CC=C2)C)C(=O)OC,metomidate,524
1,C1=CC=CC2=C1N(CC3=C(C2)C=CC=C3)CCCNC,mezepine,471
1,C1=CC(=CC3=C1[N]2C(=CN=C2C)CN=C3C4=CC=CC=C4F)Cl,midazolam(midazolammaleate),434
1,C1=C(OC)C(=CC2=C1C(=C(C)[NH]2)CCN4CCN(C3=CC=CC=C3OC)CC4)OC,milipertine,468
1,C1=NC=CN=C1N(C3CCN(CCC2=CC=CC=C2)CC3)C(C4=CC=CO4)=O,mirfentanil,447
1,C(C1=C(C)[NH]C3=C1C(C(CN2CCOCC2)CC3)=O)C,molindone,68
1,[C@]3(C1=CC=CC=C1)(C(C2=C(C=CC=C2)CC3)=O)CCN(C)C,nafenodone(dexnafenodone),498
1,C1=CC=CC=C1CN2C(CC(C2)CN)=O,nebracetam,743
1,C1=CC=CC3=C1C(C2=CC=CC=C2)OCCN(C3)C,nefopam,330
1,C2=C(C(C1=CC=CC=C1)(CCN(C)C)C(CC)=O)C=CC=C2,normethadone,544
1,C3=C(N(C2CCN(CCC1=CC=CC=C1)CC2)C(COC)=O)C(=CC=C3)F,ocfentanil,444
1,C1=C3C(=CC=C1)N=C2SC(=CC2=C(N3)N4CCN(CC4)C)C,olanzapine,441
1,C1=CC=CC2=C1N(C3=C(C=C2)C=CC=C3)CCCN4CCN(CCO)CC4,opipramol,471
1,C1=CC=CC3=C1N(C2=C(C=CC=C2)[S]3(=O)=O)CC(CN(C)C)C,oxomemazine,471
1,C1=C(OC)C(=CC2=C1C(=C(C)[NH]2)CCN4CCN(C3=CC=CC=C3)CC4)OC,oxypertine,468
1,C1=C(OC)C=CC3=C1N(C2=C(C=CC=C2)S3)CCC4N(CCCC4)C,oxyridazine,471
1,C1=C(C=CC3=C1N(CCCN2CCC(CC2)O)C4=C(S3)C=CC=C4)C#N,periciazine,471
1,C1=C(OC)C=CC3=C1N(C2=C(C=CC=C2)S3)CC(CN4CCC(O)CC4)C,perimetazine,471
1,C2=C(C1=CC=CC=C1)ON=C2C(CN3CCCCC3)O,perisoxal,692
1,CC(=O)OC(C1CCCCN1)c2ccccc2,phacetoperane,383
1,C1=C(C(C(C)(C)O)(C)O)C=CC(=C1)Cl,phenaglycodol,367
1,[C@H]2(C1=CC=CC=C1)[C@@H](N(CCO2)C)C,phendimetrazine,330
1,C1=CC=CC3=C1C(C2=C(C=CC=C2)S3)=C4CCN(C)CC4,pimethixene,471
1,C1=C(Cl)C=CC2=C1C(=NCC(N2CC#C)=O)C3=CC=CC=C3,pinazepam,434
1,C1=C([S](N(C)C)(=O)=O)C=CC3=C1N(C2=C(C=CC=C2)S3)CCCN4CCC(CCO)CC4,pipotiazine,471
1,C1=CSC2=C1C(C3=C(CC2)C=CC=C3)=C4CCN(CC4)C,pizotifen,471
1,C1=CC=CC2=C1N(C3=C(CC2)C=CC=C3)CCCN(C)C,prazepine,471
1,C1=CC=CC2=C1N(C3=C(S2)C=CC=C3)CC(C)N(C)C,promethazine,471
1,C1=NC=C([N]1C(C2=CC=CC=C2)C)C(OCCC)=O,propoxate,524
1,C1=CC=CC2=C1N(C3=C(S2)C=CC=N3)CCCN(C)C,prothipendyl,471
1,C(C1(C(C=CNC1=O)=O)CC)C,pyrithyldione,414
1,C1=CC=CC4=C1N(C2C3CCN(C2)CC3)C5=C(CC4)C=CC=C5,quinupramine,615
1,C1=C(Cl)C(=C(C=C1)C)NC(=O)/C=C/2SCC(=O)N2C,ralitoline,666
1,O=C1N2C(CC1)CCC2=O,rolziracetam,45
1,C1=CC=CC2=C1N=C(S2)N(C4CCN(CC(COC3=CC=C(C=C3)F)O)CC4)C,sabeluzole,658
1,C3=C(C2=C(N=C(N1CCN(C)CC1)N=C2)N)C(=C(C=C3Cl)Cl)Cl,sipatrigine,711
1,C1=C(Cl)C=CC2=C1C(=NCC(=S)N2C)C3=CC=CC=C3,sulazepam,434
1,C3=C2C(=NC1=CSC=C1C(/C2=CS3)=C/C#N)N4CCN(C)CC4,tenilapine,613
1,C1=C(Cl)C=CC2=C1C(=NCC(=O)N2C)C3=CCCCC3,tetrazepam,434
1,C1=C([S](C)(=O)=O)C=CC(=C1C(NCCN(CC)CC)=O)OC,tiapride,588
1,C1=CSC2=C1N(C3=C(C=C2)C=CC=C3)CCCN(C)C,tienopramine,471
1,C1=C4C(=C2C(=C1F)SC=C2C)C3=C(CCN(C3)CC)[NH]4,tiflucarbine,167
1,C1=C(SC=C1)C2(C(CCCC2)=O)NCC,tiletamine,228
1,C1=CC(=CC=C1B2OCC(CCC)(C)CO2)C,tolboxane,794
1,[C@H]2(C1=CC(=C(OC)C=C1CCN(C2)C)OC)C3=CC=CC=C3,trepipam(trimopam),261
1,C1=CC=C2C(=C1)SC3=C(N2CC(C)CN(C)C)C=C(C=C3)C(F)(F)F,trifluomeprazine,471
1,C1=C(C=CC3=C1N(CCCN2CCN(CC2)C)C4=C(S3)C=CC=C4)C(F)(F)F,trifluoperazine,471
1,[C@H]13N([C@H](CC(C1)NC(C2=CC=CC(=C2OC)OC)=O)CC3)CC4=CC=CC=C4,tropapride,335
1,C1=C2C(=CC=C1)N(C(Cl)(CN=C2C3=CC=CC=C3Cl)CO)C,tuclazepam,320
1,C(C(CCC)C(N)=O)CC,valpromide,365
1,C(C1(C(NC(=O)NC1=O)=O)C(=C/CC)/C)C,vinbarbital,425
1,C1=C(Cl)C(=C(C2=C1NC(=O)C(N2)=O)[N+](=O)[O-])Cl,licostinel,840
1,[O+]1=N[N](C=C1[N-]C(NC2=CC=CC=C2)=O)C(CC3=CC=CC=C3)C,mesocarb,693
1,C1=C(OC)C(=CC2=C1C(=[N+](C(=C2CC)C)[NH-])C3=CC=C(C(=C3)OC)OC)OC,tofisoline,220
